Customer_id,Timestamp,Price
C037,2025-01-01 00:00:00,436.71
C049,2025-01-01 00:30:00,274.7
C017,2025-01-01 01:00:00,380.42
C049,2025-01-01 01:30:00,378.28
C002,2025-01-01 02:00:00,13.88
C002,2025-01-01 02:30:00,67.5
C028,2025-01-01 03:00:00,331.52
C023,2025-01-01 03:30:00,85.0
C037,2025-01-01 04:00:00,131.47
C032,2025-01-01 04:30:00,473.59
C033,2025-01-01 05:00:00,282.29
C001,2025-01-01 05:30:00,376.61
C019,2025-01-01 06:00:00,281.2
C002,2025-01-01 06:30:00,278.49
C044,2025-01-01 07:00:00,51.61
C026,2025-01-01 07:30:00,175.11
C032,2025-01-01 08:00:00,144.8
C006,2025-01-01 08:30:00,198.41
C032,2025-01-01 09:00:00,400.18
C004,2025-01-01 09:30:00,189.11
C011,2025-01-01 10:00:00,228.59
C017,2025-01-01 10:30:00,201.7
C038,2025-01-01 11:00:00,51.24
C024,2025-01-01 11:30:00,223.33
C005,2025-01-01 12:00:00,101.83
C034,2025-01-01 12:30:00,97.43
C006,2025-01-01 13:00:00,51.55
C022,2025-01-01 13:30:00,181.55
C011,2025-01-01 14:00:00,379.95
C048,2025-01-01 14:30:00,141.84
C016,2025-01-01 15:00:00,159.61
C033,2025-01-01 15:30:00,323.12
C009,2025-01-01 16:00:00,101.94
C006,2025-01-01 16:30:00,448.99
C016,2025-01-01 17:00:00,262.49
C029,2025-01-01 17:30:00,226.56
C003,2025-01-01 18:00:00,281.12
C020,2025-01-01 18:30:00,87.19
C036,2025-01-01 19:00:00,308.67
C019,2025-01-01 19:30:00,184.73
C026,2025-01-01 20:00:00,449.11
C003,2025-01-01 20:30:00,88.58
C019,2025-01-01 21:00:00,255.99
C020,2025-01-01 21:30:00,301.07
C032,2025-01-01 22:00:00,21.52
C007,2025-01-01 22:30:00,185.03
C041,2025-01-01 23:00:00,367.65
C033,2025-01-01 23:30:00,411.09
C040,2025-01-02 00:00:00,160.02
C039,2025-01-02 00:30:00,400.3
C018,2025-01-02 01:00:00,484.04
C040,2025-01-02 01:30:00,429.15
C001,2025-01-02 02:00:00,63.23
C011,2025-01-02 02:30:00,371.17
C028,2025-01-02 03:00:00,163.24
C025,2025-01-02 03:30:00,494.27
C050,2025-01-02 04:00:00,245.25
C023,2025-01-02 04:30:00,65.6
C031,2025-01-02 05:00:00,363.97
C030,2025-01-02 05:30:00,164.89
C042,2025-01-02 06:00:00,498.55
C035,2025-01-02 06:30:00,489.99
C007,2025-01-02 07:00:00,329.79
C016,2025-01-02 07:30:00,69.26
C026,2025-01-02 08:00:00,345.0
C048,2025-01-02 08:30:00,51.05
C049,2025-01-02 09:00:00,19.54
C002,2025-01-02 09:30:00,412.36
C001,2025-01-02 10:00:00,108.83
C048,2025-01-02 10:30:00,192.62
C012,2025-01-02 11:00:00,486.86
C005,2025-01-02 11:30:00,171.74
C037,2025-01-02 12:00:00,151.76
C032,2025-01-02 12:30:00,459.51
C009,2025-01-02 13:00:00,59.82
C041,2025-01-02 13:30:00,380.99
C035,2025-01-02 14:00:00,494.09
C019,2025-01-02 14:30:00,451.14
C048,2025-01-02 15:00:00,327.58
C016,2025-01-02 15:30:00,160.46
C003,2025-01-02 16:00:00,130.89
C020,2025-01-02 16:30:00,410.53
C024,2025-01-02 17:00:00,440.51
C033,2025-01-02 17:30:00,265.09
C024,2025-01-02 18:00:00,125.95
C011,2025-01-02 18:30:00,60.91
C049,2025-01-02 19:00:00,48.15
C008,2025-01-02 19:30:00,360.94
C036,2025-01-02 20:00:00,212.96
C038,2025-01-02 20:30:00,453.15
C040,2025-01-02 21:00:00,371.14
C020,2025-01-02 21:30:00,99.67
C035,2025-01-02 22:00:00,308.82
C048,2025-01-02 22:30:00,220.58
C025,2025-01-02 23:00:00,290.74
C035,2025-01-02 23:30:00,370.34
C025,2025-01-03 00:00:00,404.07
C029,2025-01-03 00:30:00,422.65
C018,2025-01-03 01:00:00,130.72
C046,2025-01-03 01:30:00,20.4
C018,2025-01-03 02:00:00,370.95
C002,2025-01-03 02:30:00,57.64
C035,2025-01-03 03:00:00,160.89
C016,2025-01-03 03:30:00,6.89
C041,2025-01-03 04:00:00,342.43
C036,2025-01-03 04:30:00,87.73
C033,2025-01-03 05:00:00,329.36
C004,2025-01-03 05:30:00,495.91
C033,2025-01-03 06:00:00,40.97
C014,2025-01-03 06:30:00,43.15
C021,2025-01-03 07:00:00,173.49
C048,2025-01-03 07:30:00,433.86
C020,2025-01-03 08:00:00,111.69
C008,2025-01-03 08:30:00,183.39
C007,2025-01-03 09:00:00,38.91
C003,2025-01-03 09:30:00,382.76
C017,2025-01-03 10:00:00,207.11
C033,2025-01-03 10:30:00,380.83
C048,2025-01-03 11:00:00,452.29
C012,2025-01-03 11:30:00,120.22
C022,2025-01-03 12:00:00,404.66
C022,2025-01-03 12:30:00,34.25
C046,2025-01-03 13:00:00,449.93
C030,2025-01-03 13:30:00,327.13
C038,2025-01-03 14:00:00,437.74
C038,2025-01-03 14:30:00,5.09
C045,2025-01-03 15:00:00,88.7
C008,2025-01-03 15:30:00,197.93
C027,2025-01-03 16:00:00,192.85
C027,2025-01-03 16:30:00,117.23
C034,2025-01-03 17:00:00,193.9
C021,2025-01-03 17:30:00,68.78
C030,2025-01-03 18:00:00,209.32
C033,2025-01-03 18:30:00,402.17
C028,2025-01-03 19:00:00,242.14
C047,2025-01-03 19:30:00,13.91
C033,2025-01-03 20:00:00,213.61
C005,2025-01-03 20:30:00,18.45
C048,2025-01-03 21:00:00,483.29
C019,2025-01-03 21:30:00,68.09
C004,2025-01-03 22:00:00,355.31
C035,2025-01-03 22:30:00,486.52
C049,2025-01-03 23:00:00,413.89
C017,2025-01-03 23:30:00,351.16
C044,2025-01-04 00:00:00,420.53
C028,2025-01-04 00:30:00,490.99
C030,2025-01-04 01:00:00,312.57
C029,2025-01-04 01:30:00,281.8
C046,2025-01-04 02:00:00,315.98
C006,2025-01-04 02:30:00,268.67
C035,2025-01-04 03:00:00,319.37
C041,2025-01-04 03:30:00,227.67
C037,2025-01-04 04:00:00,113.13
C024,2025-01-04 04:30:00,64.52
C029,2025-01-04 05:00:00,38.83
C049,2025-01-04 05:30:00,135.34
C046,2025-01-04 06:00:00,27.83
C031,2025-01-04 06:30:00,285.75
C035,2025-01-04 07:00:00,145.5
C033,2025-01-04 07:30:00,413.14
C021,2025-01-04 08:00:00,41.75
C032,2025-01-04 08:30:00,117.04
C023,2025-01-04 09:00:00,366.47
C033,2025-01-04 09:30:00,301.41
C003,2025-01-04 10:00:00,36.92
C018,2025-01-04 10:30:00,439.23
C025,2025-01-04 11:00:00,439.24
C042,2025-01-04 11:30:00,168.55
C031,2025-01-04 12:00:00,173.5
C003,2025-01-04 12:30:00,494.57
C040,2025-01-04 13:00:00,314.96
C046,2025-01-04 13:30:00,268.0
C024,2025-01-04 14:00:00,419.89
C050,2025-01-04 14:30:00,146.22
C032,2025-01-04 15:00:00,217.45
C047,2025-01-04 15:30:00,137.55
C022,2025-01-04 16:00:00,395.63
C023,2025-01-04 16:30:00,288.81
C002,2025-01-04 17:00:00,331.12
C027,2025-01-04 17:30:00,129.89
C042,2025-01-04 18:00:00,114.01
C002,2025-01-04 18:30:00,246.75
C026,2025-01-04 19:00:00,370.1
C017,2025-01-04 19:30:00,264.99
C040,2025-01-04 20:00:00,21.16
C033,2025-01-04 20:30:00,434.93
C009,2025-01-04 21:00:00,37.02
C043,2025-01-04 21:30:00,478.13
C048,2025-01-04 22:00:00,17.45
C039,2025-01-04 22:30:00,348.75
C029,2025-01-04 23:00:00,45.69
C042,2025-01-04 23:30:00,455.78
C026,2025-01-05 00:00:00,234.89
C035,2025-01-05 00:30:00,73.07
C050,2025-01-05 01:00:00,173.7
C025,2025-01-05 01:30:00,86.59
C024,2025-01-05 02:00:00,89.44
C013,2025-01-05 02:30:00,474.31
C007,2025-01-05 03:00:00,225.4
C036,2025-01-05 03:30:00,395.46
C045,2025-01-05 04:00:00,321.6
C020,2025-01-05 04:30:00,339.83
C001,2025-01-05 05:00:00,70.19
C008,2025-01-05 05:30:00,120.92
C046,2025-01-05 06:00:00,394.44
C016,2025-01-05 06:30:00,485.53
C014,2025-01-05 07:00:00,135.02
C012,2025-01-05 07:30:00,139.43
C023,2025-01-05 08:00:00,239.08
C015,2025-01-05 08:30:00,492.0
C028,2025-01-05 09:00:00,138.13
C034,2025-01-05 09:30:00,206.45
C002,2025-01-05 10:00:00,446.28
C032,2025-01-05 10:30:00,6.45
C023,2025-01-05 11:00:00,24.68
C022,2025-01-05 11:30:00,304.02
C025,2025-01-05 12:00:00,454.15
C022,2025-01-05 12:30:00,123.23
C022,2025-01-05 13:00:00,237.47
C049,2025-01-05 13:30:00,227.98
C042,2025-01-05 14:00:00,239.12
C006,2025-01-05 14:30:00,313.15
C015,2025-01-05 15:00:00,237.52
C043,2025-01-05 15:30:00,226.5
C037,2025-01-05 16:00:00,239.77
C033,2025-01-05 16:30:00,297.48
C008,2025-01-05 17:00:00,270.82
C044,2025-01-05 17:30:00,427.8
C044,2025-01-05 18:00:00,29.5
C005,2025-01-05 18:30:00,417.49
C039,2025-01-05 19:00:00,422.74
C004,2025-01-05 19:30:00,146.03
C006,2025-01-05 20:00:00,234.11
C045,2025-01-05 20:30:00,222.08
C032,2025-01-05 21:00:00,113.16
C030,2025-01-05 21:30:00,201.41
C047,2025-01-05 22:00:00,26.97
C035,2025-01-05 22:30:00,142.52
C040,2025-01-05 23:00:00,409.26
C016,2025-01-05 23:30:00,145.86
C013,2025-01-06 00:00:00,410.01
C050,2025-01-06 00:30:00,268.14
C042,2025-01-06 01:00:00,440.53
C030,2025-01-06 01:30:00,289.52
C019,2025-01-06 02:00:00,19.69
C017,2025-01-06 02:30:00,339.33
C019,2025-01-06 03:00:00,27.2
C028,2025-01-06 03:30:00,228.05
C026,2025-01-06 04:00:00,465.07
C037,2025-01-06 04:30:00,86.78
C026,2025-01-06 05:00:00,197.99
C023,2025-01-06 05:30:00,366.28
C009,2025-01-06 06:00:00,441.72
C012,2025-01-06 06:30:00,337.12
C001,2025-01-06 07:00:00,132.8
C001,2025-01-06 07:30:00,338.93
C047,2025-01-06 08:00:00,151.88
C034,2025-01-06 08:30:00,360.62
C032,2025-01-06 09:00:00,477.25
C048,2025-01-06 09:30:00,362.09
C025,2025-01-06 10:00:00,432.13
C040,2025-01-06 10:30:00,6.04
C045,2025-01-06 11:00:00,360.2
C001,2025-01-06 11:30:00,415.65
C016,2025-01-06 12:00:00,25.08
C039,2025-01-06 12:30:00,436.44
C005,2025-01-06 13:00:00,132.06
C022,2025-01-06 13:30:00,334.32
C029,2025-01-06 14:00:00,401.18
C003,2025-01-06 14:30:00,333.02
C012,2025-01-06 15:00:00,50.68
C026,2025-01-06 15:30:00,300.18
C016,2025-01-06 16:00:00,277.04
C037,2025-01-06 16:30:00,450.66
C022,2025-01-06 17:00:00,205.1
C029,2025-01-06 17:30:00,163.94
C014,2025-01-06 18:00:00,376.18
C028,2025-01-06 18:30:00,209.27
C005,2025-01-06 19:00:00,324.82
C047,2025-01-06 19:30:00,324.99
C049,2025-01-06 20:00:00,444.58
C030,2025-01-06 20:30:00,301.35
C046,2025-01-06 21:00:00,253.57
C005,2025-01-06 21:30:00,73.74
C012,2025-01-06 22:00:00,62.29
C016,2025-01-06 22:30:00,81.39
C026,2025-01-06 23:00:00,90.06
C026,2025-01-06 23:30:00,320.75
C048,2025-01-07 00:00:00,371.79
C021,2025-01-07 00:30:00,267.35
C039,2025-01-07 01:00:00,415.36
C036,2025-01-07 01:30:00,495.68
C033,2025-01-07 02:00:00,410.91
C030,2025-01-07 02:30:00,348.97
C037,2025-01-07 03:00:00,268.58
C023,2025-01-07 03:30:00,227.18
C010,2025-01-07 04:00:00,46.77
C005,2025-01-07 04:30:00,202.69
C036,2025-01-07 05:00:00,455.52
C034,2025-01-07 05:30:00,404.97
C031,2025-01-07 06:00:00,111.95
C010,2025-01-07 06:30:00,235.97
C019,2025-01-07 07:00:00,409.28
C032,2025-01-07 07:30:00,38.36
C001,2025-01-07 08:00:00,196.76
C005,2025-01-07 08:30:00,426.66
C045,2025-01-07 09:00:00,204.93
C004,2025-01-07 09:30:00,43.42
C016,2025-01-07 10:00:00,273.55
C024,2025-01-07 10:30:00,431.56
C016,2025-01-07 11:00:00,297.19
C002,2025-01-07 11:30:00,117.01
C049,2025-01-07 12:00:00,195.2
C028,2025-01-07 12:30:00,227.81
C032,2025-01-07 13:00:00,291.74
C027,2025-01-07 13:30:00,380.88
C020,2025-01-07 14:00:00,53.94
C024,2025-01-07 14:30:00,445.38
C012,2025-01-07 15:00:00,11.09
C050,2025-01-07 15:30:00,188.18
C035,2025-01-07 16:00:00,18.57
C033,2025-01-07 16:30:00,199.52
C033,2025-01-07 17:00:00,265.28
C043,2025-01-07 17:30:00,258.28
C037,2025-01-07 18:00:00,86.99
C012,2025-01-07 18:30:00,324.64
C003,2025-01-07 19:00:00,27.17
C001,2025-01-07 19:30:00,382.14
C033,2025-01-07 20:00:00,473.59
C040,2025-01-07 20:30:00,173.19
C010,2025-01-07 21:00:00,261.03
C043,2025-01-07 21:30:00,192.56
C044,2025-01-07 22:00:00,8.32
C029,2025-01-07 22:30:00,196.01
C013,2025-01-07 23:00:00,396.9
C012,2025-01-07 23:30:00,300.01
C031,2025-01-08 00:00:00,55.12
C046,2025-01-08 00:30:00,424.33
C002,2025-01-08 01:00:00,267.89
C050,2025-01-08 01:30:00,421.65
C035,2025-01-08 02:00:00,292.21
C023,2025-01-08 02:30:00,282.05
C017,2025-01-08 03:00:00,57.1
C026,2025-01-08 03:30:00,87.84
C008,2025-01-08 04:00:00,486.15
C029,2025-01-08 04:30:00,118.1
C026,2025-01-08 05:00:00,488.84
C010,2025-01-08 05:30:00,268.3
C026,2025-01-08 06:00:00,72.22
C034,2025-01-08 06:30:00,54.15
C041,2025-01-08 07:00:00,108.39
C007,2025-01-08 07:30:00,463.19
C004,2025-01-08 08:00:00,210.0
C050,2025-01-08 08:30:00,200.74
C045,2025-01-08 09:00:00,160.04
C011,2025-01-08 09:30:00,77.8
C029,2025-01-08 10:00:00,246.49
C036,2025-01-08 10:30:00,69.37
C025,2025-01-08 11:00:00,418.56
C021,2025-01-08 11:30:00,188.35
C036,2025-01-08 12:00:00,190.53
C010,2025-01-08 12:30:00,239.63
C037,2025-01-08 13:00:00,224.84
C009,2025-01-08 13:30:00,497.45
C024,2025-01-08 14:00:00,274.96
C035,2025-01-08 14:30:00,48.66
C049,2025-01-08 15:00:00,305.4
C035,2025-01-08 15:30:00,80.03
C048,2025-01-08 16:00:00,20.31
C036,2025-01-08 16:30:00,485.52
C018,2025-01-08 17:00:00,387.9
C049,2025-01-08 17:30:00,490.15
C039,2025-01-08 18:00:00,241.55
C032,2025-01-08 18:30:00,268.47
C024,2025-01-08 19:00:00,88.33
C023,2025-01-08 19:30:00,127.22
C032,2025-01-08 20:00:00,420.08
C037,2025-01-08 20:30:00,181.31
C012,2025-01-08 21:00:00,414.27
C049,2025-01-08 21:30:00,355.96
C013,2025-01-08 22:00:00,92.7
C023,2025-01-08 22:30:00,256.19
C025,2025-01-08 23:00:00,340.31
C035,2025-01-08 23:30:00,121.34
C041,2025-01-09 00:00:00,416.19
C030,2025-01-09 00:30:00,274.69
C017,2025-01-09 01:00:00,86.79
C049,2025-01-09 01:30:00,293.58
C020,2025-01-09 02:00:00,499.86
C048,2025-01-09 02:30:00,79.51
C025,2025-01-09 03:00:00,409.29
C022,2025-01-09 03:30:00,107.62
C013,2025-01-09 04:00:00,392.28
C019,2025-01-09 04:30:00,368.62
C049,2025-01-09 05:00:00,153.74
C036,2025-01-09 05:30:00,166.28
C012,2025-01-09 06:00:00,397.3
C041,2025-01-09 06:30:00,233.42
C019,2025-01-09 07:00:00,366.75
C012,2025-01-09 07:30:00,78.25
C009,2025-01-09 08:00:00,427.02
C007,2025-01-09 08:30:00,356.89
C028,2025-01-09 09:00:00,453.94
C014,2025-01-09 09:30:00,70.52
C031,2025-01-09 10:00:00,298.54
C019,2025-01-09 10:30:00,301.56
C047,2025-01-09 11:00:00,179.96
C016,2025-01-09 11:30:00,231.94
C005,2025-01-09 12:00:00,23.8
C035,2025-01-09 12:30:00,374.2
C012,2025-01-09 13:00:00,276.91
C025,2025-01-09 13:30:00,33.58
C021,2025-01-09 14:00:00,341.97
C036,2025-01-09 14:30:00,236.06
C023,2025-01-09 15:00:00,22.06
C016,2025-01-09 15:30:00,484.96
C039,2025-01-09 16:00:00,474.81
C045,2025-01-09 16:30:00,258.89
C042,2025-01-09 17:00:00,51.37
C039,2025-01-09 17:30:00,378.54
C014,2025-01-09 18:00:00,248.51
C031,2025-01-09 18:30:00,154.71
C005,2025-01-09 19:00:00,248.25
C035,2025-01-09 19:30:00,263.61
C023,2025-01-09 20:00:00,283.54
C029,2025-01-09 20:30:00,223.41
C043,2025-01-09 21:00:00,304.85
C011,2025-01-09 21:30:00,459.77
C018,2025-01-09 22:00:00,184.32
C047,2025-01-09 22:30:00,364.23
C012,2025-01-09 23:00:00,447.75
C009,2025-01-09 23:30:00,230.71
C010,2025-01-10 00:00:00,224.51
C044,2025-01-10 00:30:00,303.05
C017,2025-01-10 01:00:00,297.75
C038,2025-01-10 01:30:00,404.26
C007,2025-01-10 02:00:00,240.86
C046,2025-01-10 02:30:00,498.08
C013,2025-01-10 03:00:00,34.44
C040,2025-01-10 03:30:00,6.57
C042,2025-01-10 04:00:00,321.9
C009,2025-01-10 04:30:00,152.73
C050,2025-01-10 05:00:00,123.99
C027,2025-01-10 05:30:00,159.39
C002,2025-01-10 06:00:00,131.74
C005,2025-01-10 06:30:00,20.24
C029,2025-01-10 07:00:00,485.91
C037,2025-01-10 07:30:00,114.27
C038,2025-01-10 08:00:00,368.34
C019,2025-01-10 08:30:00,382.49
C008,2025-01-10 09:00:00,464.98
C048,2025-01-10 09:30:00,20.12
C045,2025-01-10 10:00:00,436.66
C001,2025-01-10 10:30:00,265.98
C022,2025-01-10 11:00:00,318.11
C017,2025-01-10 11:30:00,324.01
C007,2025-01-10 12:00:00,410.8
C025,2025-01-10 12:30:00,170.04
C045,2025-01-10 13:00:00,367.86
C004,2025-01-10 13:30:00,266.65
C036,2025-01-10 14:00:00,397.73
C006,2025-01-10 14:30:00,495.32
C031,2025-01-10 15:00:00,104.32
C019,2025-01-10 15:30:00,497.35
C044,2025-01-10 16:00:00,49.46
C039,2025-01-10 16:30:00,6.15
C027,2025-01-10 17:00:00,26.86
C010,2025-01-10 17:30:00,174.18
C026,2025-01-10 18:00:00,318.29
C019,2025-01-10 18:30:00,39.17
C039,2025-01-10 19:00:00,7.8
C003,2025-01-10 19:30:00,468.86
C045,2025-01-10 20:00:00,411.85
C013,2025-01-10 20:30:00,405.55
C050,2025-01-10 21:00:00,442.79
C028,2025-01-10 21:30:00,351.52
C020,2025-01-10 22:00:00,56.68
C028,2025-01-10 22:30:00,202.55
C008,2025-01-10 23:00:00,362.96
C041,2025-01-10 23:30:00,143.77
C039,2025-01-11 00:00:00,345.27
C001,2025-01-11 00:30:00,17.13
C003,2025-01-11 01:00:00,156.54
C013,2025-01-11 01:30:00,276.82
C028,2025-01-11 02:00:00,317.88
C049,2025-01-11 02:30:00,290.64
C025,2025-01-11 03:00:00,350.39
C033,2025-01-11 03:30:00,8.01
C038,2025-01-11 04:00:00,54.97
C006,2025-01-11 04:30:00,435.13
C044,2025-01-11 05:00:00,342.47
C045,2025-01-11 05:30:00,60.9
C032,2025-01-11 06:00:00,421.83
C045,2025-01-11 06:30:00,124.9
C047,2025-01-11 07:00:00,241.74
C021,2025-01-11 07:30:00,76.87
C016,2025-01-11 08:00:00,356.5
C021,2025-01-11 08:30:00,335.09
C011,2025-01-11 09:00:00,109.5
C037,2025-01-11 09:30:00,432.38
C036,2025-01-11 10:00:00,203.65
C035,2025-01-11 10:30:00,149.79
C019,2025-01-11 11:00:00,80.4
C020,2025-01-11 11:30:00,136.75
C018,2025-01-11 12:00:00,15.9
C047,2025-01-11 12:30:00,293.71
C041,2025-01-11 13:00:00,421.9
C049,2025-01-11 13:30:00,276.75
C014,2025-01-11 14:00:00,113.54
C015,2025-01-11 14:30:00,21.67
C031,2025-01-11 15:00:00,111.24
C001,2025-01-11 15:30:00,210.98
C003,2025-01-11 16:00:00,381.01
C016,2025-01-11 16:30:00,97.98
C023,2025-01-11 17:00:00,361.3
C011,2025-01-11 17:30:00,434.13
C012,2025-01-11 18:00:00,229.7
C010,2025-01-11 18:30:00,411.61
C032,2025-01-11 19:00:00,279.56
C016,2025-01-11 19:30:00,320.36
C008,2025-01-11 20:00:00,265.51
C038,2025-01-11 20:30:00,234.27
C012,2025-01-11 21:00:00,121.15
C024,2025-01-11 21:30:00,155.08
C028,2025-01-11 22:00:00,148.54
C008,2025-01-11 22:30:00,283.83
C028,2025-01-11 23:00:00,64.38
C036,2025-01-11 23:30:00,458.81
C026,2025-01-12 00:00:00,361.72
C008,2025-01-12 00:30:00,203.72
C050,2025-01-12 01:00:00,83.52
C028,2025-01-12 01:30:00,441.59
C028,2025-01-12 02:00:00,412.77
C037,2025-01-12 02:30:00,362.25
C041,2025-01-12 03:00:00,139.42
C036,2025-01-12 03:30:00,204.21
C027,2025-01-12 04:00:00,55.86
C017,2025-01-12 04:30:00,98.57
C009,2025-01-12 05:00:00,392.59
C033,2025-01-12 05:30:00,358.94
C020,2025-01-12 06:00:00,298.78
C013,2025-01-12 06:30:00,448.38
C028,2025-01-12 07:00:00,293.72
C048,2025-01-12 07:30:00,236.15
C029,2025-01-12 08:00:00,173.48
C013,2025-01-12 08:30:00,470.52
C046,2025-01-12 09:00:00,45.94
C035,2025-01-12 09:30:00,465.79
C006,2025-01-12 10:00:00,414.22
C018,2025-01-12 10:30:00,69.32
C005,2025-01-12 11:00:00,284.67
C047,2025-01-12 11:30:00,433.94
C025,2025-01-12 12:00:00,288.05
C002,2025-01-12 12:30:00,454.06
C010,2025-01-12 13:00:00,471.78
C030,2025-01-12 13:30:00,214.08
C050,2025-01-12 14:00:00,191.77
C045,2025-01-12 14:30:00,468.48
C005,2025-01-12 15:00:00,339.19
C033,2025-01-12 15:30:00,62.43
C001,2025-01-12 16:00:00,25.93
C018,2025-01-12 16:30:00,284.49
C032,2025-01-12 17:00:00,465.43
C047,2025-01-12 17:30:00,422.9
C049,2025-01-12 18:00:00,339.54
C011,2025-01-12 18:30:00,73.86
C021,2025-01-12 19:00:00,130.84
C026,2025-01-12 19:30:00,438.38
C025,2025-01-12 20:00:00,95.49
C022,2025-01-12 20:30:00,142.83
C027,2025-01-12 21:00:00,69.15
C049,2025-01-12 21:30:00,339.67
C013,2025-01-12 22:00:00,472.27
C033,2025-01-12 22:30:00,138.14
C034,2025-01-12 23:00:00,240.33
C041,2025-01-12 23:30:00,319.0
C035,2025-01-13 00:00:00,499.74
C001,2025-01-13 00:30:00,56.88
C021,2025-01-13 01:00:00,251.79
C048,2025-01-13 01:30:00,195.63
C006,2025-01-13 02:00:00,433.58
C028,2025-01-13 02:30:00,240.6
C017,2025-01-13 03:00:00,59.93
C005,2025-01-13 03:30:00,319.04
C031,2025-01-13 04:00:00,386.54
C005,2025-01-13 04:30:00,6.43
C038,2025-01-13 05:00:00,430.18
C003,2025-01-13 05:30:00,97.08
C023,2025-01-13 06:00:00,278.27
C037,2025-01-13 06:30:00,210.82
C037,2025-01-13 07:00:00,361.23
C010,2025-01-13 07:30:00,188.72
C010,2025-01-13 08:00:00,435.53
C019,2025-01-13 08:30:00,366.6
C017,2025-01-13 09:00:00,325.62
C021,2025-01-13 09:30:00,399.14
C014,2025-01-13 10:00:00,378.24
C009,2025-01-13 10:30:00,22.79
C046,2025-01-13 11:00:00,200.39
C001,2025-01-13 11:30:00,465.75
C045,2025-01-13 12:00:00,67.23
C013,2025-01-13 12:30:00,369.86
C004,2025-01-13 13:00:00,487.42
C001,2025-01-13 13:30:00,30.84
C049,2025-01-13 14:00:00,342.69
C040,2025-01-13 14:30:00,236.74
C032,2025-01-13 15:00:00,291.69
C034,2025-01-13 15:30:00,47.24
C028,2025-01-13 16:00:00,26.29
C031,2025-01-13 16:30:00,335.1
C008,2025-01-13 17:00:00,412.54
C039,2025-01-13 17:30:00,392.1
C026,2025-01-13 18:00:00,274.18
C034,2025-01-13 18:30:00,54.43
C003,2025-01-13 19:00:00,345.58
C050,2025-01-13 19:30:00,124.73
C012,2025-01-13 20:00:00,455.98
C001,2025-01-13 20:30:00,419.94
C044,2025-01-13 21:00:00,356.14
C005,2025-01-13 21:30:00,474.68
C030,2025-01-13 22:00:00,20.55
C030,2025-01-13 22:30:00,369.42
C017,2025-01-13 23:00:00,168.47
C048,2025-01-13 23:30:00,453.5
C047,2025-01-14 00:00:00,137.0
C023,2025-01-14 00:30:00,363.8
C015,2025-01-14 01:00:00,439.44
C037,2025-01-14 01:30:00,25.62
C021,2025-01-14 02:00:00,201.84
C014,2025-01-14 02:30:00,382.34
C002,2025-01-14 03:00:00,230.18
C011,2025-01-14 03:30:00,137.29
C039,2025-01-14 04:00:00,113.8
C038,2025-01-14 04:30:00,70.1
C034,2025-01-14 05:00:00,429.28
C038,2025-01-14 05:30:00,289.8
C050,2025-01-14 06:00:00,42.81
C034,2025-01-14 06:30:00,194.38
C018,2025-01-14 07:00:00,187.03
C030,2025-01-14 07:30:00,94.96
C015,2025-01-14 08:00:00,220.58
C027,2025-01-14 08:30:00,169.39
C034,2025-01-14 09:00:00,174.19
C038,2025-01-14 09:30:00,370.82
C033,2025-01-14 10:00:00,115.52
C024,2025-01-14 10:30:00,322.72
C015,2025-01-14 11:00:00,287.47
C030,2025-01-14 11:30:00,286.21
C042,2025-01-14 12:00:00,333.19
C017,2025-01-14 12:30:00,276.45
C005,2025-01-14 13:00:00,440.23
C029,2025-01-14 13:30:00,339.41
C004,2025-01-14 14:00:00,275.75
C010,2025-01-14 14:30:00,415.73
C017,2025-01-14 15:00:00,305.04
C010,2025-01-14 15:30:00,149.12
C017,2025-01-14 16:00:00,107.51
C020,2025-01-14 16:30:00,80.4
C024,2025-01-14 17:00:00,450.23
C005,2025-01-14 17:30:00,356.52
C034,2025-01-14 18:00:00,469.0
C006,2025-01-14 18:30:00,303.63
C002,2025-01-14 19:00:00,239.33
C013,2025-01-14 19:30:00,34.56
C043,2025-01-14 20:00:00,337.46
C043,2025-01-14 20:30:00,293.19
C048,2025-01-14 21:00:00,495.15
C011,2025-01-14 21:30:00,123.38
C047,2025-01-14 22:00:00,267.71
C023,2025-01-14 22:30:00,327.22
C016,2025-01-14 23:00:00,324.07
C031,2025-01-14 23:30:00,282.84
C011,2025-01-15 00:00:00,389.58
C016,2025-01-15 00:30:00,106.47
C008,2025-01-15 01:00:00,364.19
C004,2025-01-15 01:30:00,311.77
C040,2025-01-15 02:00:00,448.56
C004,2025-01-15 02:30:00,424.36
C025,2025-01-15 03:00:00,161.0
C003,2025-01-15 03:30:00,141.74
C032,2025-01-15 04:00:00,490.92
C003,2025-01-15 04:30:00,266.0
C027,2025-01-15 05:00:00,453.68
C029,2025-01-15 05:30:00,86.12
C032,2025-01-15 06:00:00,323.2
C050,2025-01-15 06:30:00,405.88
C019,2025-01-15 07:00:00,473.96
C021,2025-01-15 07:30:00,171.98
C005,2025-01-15 08:00:00,363.87
C018,2025-01-15 08:30:00,271.71
C028,2025-01-15 09:00:00,35.01
C042,2025-01-15 09:30:00,346.55
C022,2025-01-15 10:00:00,346.6
C021,2025-01-15 10:30:00,465.65
C006,2025-01-15 11:00:00,251.17
C001,2025-01-15 11:30:00,118.97
C005,2025-01-15 12:00:00,27.06
C041,2025-01-15 12:30:00,210.74
C012,2025-01-15 13:00:00,154.45
C026,2025-01-15 13:30:00,381.74
C046,2025-01-15 14:00:00,180.36
C034,2025-01-15 14:30:00,474.79
C049,2025-01-15 15:00:00,481.34
C014,2025-01-15 15:30:00,312.35
C026,2025-01-15 16:00:00,464.69
C045,2025-01-15 16:30:00,381.62
C027,2025-01-15 17:00:00,275.7
C009,2025-01-15 17:30:00,94.25
C026,2025-01-15 18:00:00,232.01
C047,2025-01-15 18:30:00,282.63
C022,2025-01-15 19:00:00,432.66
C047,2025-01-15 19:30:00,243.26
C030,2025-01-15 20:00:00,449.35
C043,2025-01-15 20:30:00,338.8
C048,2025-01-15 21:00:00,72.81
C017,2025-01-15 21:30:00,497.52
C026,2025-01-15 22:00:00,265.98
C036,2025-01-15 22:30:00,198.97
C001,2025-01-15 23:00:00,331.26
C008,2025-01-15 23:30:00,58.9
C049,2025-01-16 00:00:00,320.09
C035,2025-01-16 00:30:00,251.63
C015,2025-01-16 01:00:00,206.3
C047,2025-01-16 01:30:00,476.74
C022,2025-01-16 02:00:00,263.66
C014,2025-01-16 02:30:00,113.46
C026,2025-01-16 03:00:00,232.19
C028,2025-01-16 03:30:00,460.1
C023,2025-01-16 04:00:00,92.17
C014,2025-01-16 04:30:00,110.91
C024,2025-01-16 05:00:00,11.45
C002,2025-01-16 05:30:00,12.02
C045,2025-01-16 06:00:00,415.55
C026,2025-01-16 06:30:00,367.4
C014,2025-01-16 07:00:00,180.75
C007,2025-01-16 07:30:00,350.66
C003,2025-01-16 08:00:00,200.63
C047,2025-01-16 08:30:00,476.68
C023,2025-01-16 09:00:00,483.69
C046,2025-01-16 09:30:00,199.43
C043,2025-01-16 10:00:00,427.84
C047,2025-01-16 10:30:00,387.68
C045,2025-01-16 11:00:00,158.45
C018,2025-01-16 11:30:00,119.86
C038,2025-01-16 12:00:00,231.83
C035,2025-01-16 12:30:00,391.77
C015,2025-01-16 13:00:00,480.28
C025,2025-01-16 13:30:00,382.97
C037,2025-01-16 14:00:00,428.33
C028,2025-01-16 14:30:00,303.52
C010,2025-01-16 15:00:00,418.53
C039,2025-01-16 15:30:00,393.29
C017,2025-01-16 16:00:00,191.61
C039,2025-01-16 16:30:00,278.24
C022,2025-01-16 17:00:00,403.35
C026,2025-01-16 17:30:00,27.8
C044,2025-01-16 18:00:00,405.0
C025,2025-01-16 18:30:00,93.05
C017,2025-01-16 19:00:00,259.77
C013,2025-01-16 19:30:00,405.1
C020,2025-01-16 20:00:00,130.64
C025,2025-01-16 20:30:00,126.67
C004,2025-01-16 21:00:00,204.37
C010,2025-01-16 21:30:00,447.85
C003,2025-01-16 22:00:00,5.22
C041,2025-01-16 22:30:00,451.18
C045,2025-01-16 23:00:00,81.13
C018,2025-01-16 23:30:00,495.09
C047,2025-01-17 00:00:00,477.65
C036,2025-01-17 00:30:00,249.86
C047,2025-01-17 01:00:00,258.8
C022,2025-01-17 01:30:00,243.37
C034,2025-01-17 02:00:00,319.54
C047,2025-01-17 02:30:00,49.91
C008,2025-01-17 03:00:00,21.15
C040,2025-01-17 03:30:00,33.56
C049,2025-01-17 04:00:00,224.96
C044,2025-01-17 04:30:00,141.4
C019,2025-01-17 05:00:00,312.91
C042,2025-01-17 05:30:00,496.26
C041,2025-01-17 06:00:00,196.23
C037,2025-01-17 06:30:00,289.05
C006,2025-01-17 07:00:00,210.72
C026,2025-01-17 07:30:00,424.4
C034,2025-01-17 08:00:00,451.61
C045,2025-01-17 08:30:00,439.29
C006,2025-01-17 09:00:00,487.31
C037,2025-01-17 09:30:00,18.62
C033,2025-01-17 10:00:00,420.71
C022,2025-01-17 10:30:00,377.13
C021,2025-01-17 11:00:00,118.2
C006,2025-01-17 11:30:00,478.38
C006,2025-01-17 12:00:00,78.35
C048,2025-01-17 12:30:00,341.38
C004,2025-01-17 13:00:00,116.32
C030,2025-01-17 13:30:00,218.53
C011,2025-01-17 14:00:00,360.98
C030,2025-01-17 14:30:00,283.85
C031,2025-01-17 15:00:00,216.61
C024,2025-01-17 15:30:00,166.54
C009,2025-01-17 16:00:00,420.63
C003,2025-01-17 16:30:00,76.19
C031,2025-01-17 17:00:00,217.9
C040,2025-01-17 17:30:00,452.36
C037,2025-01-17 18:00:00,423.7
C036,2025-01-17 18:30:00,203.47
C024,2025-01-17 19:00:00,382.74
C031,2025-01-17 19:30:00,412.46
C006,2025-01-17 20:00:00,445.0
C002,2025-01-17 20:30:00,274.53
C020,2025-01-17 21:00:00,106.21
C028,2025-01-17 21:30:00,131.38
C011,2025-01-17 22:00:00,151.37
C004,2025-01-17 22:30:00,298.93
C015,2025-01-17 23:00:00,21.24
C006,2025-01-17 23:30:00,319.84
C049,2025-01-18 00:00:00,185.36
C030,2025-01-18 00:30:00,151.14
C038,2025-01-18 01:00:00,440.35
C002,2025-01-18 01:30:00,232.7
C015,2025-01-18 02:00:00,52.05
C011,2025-01-18 02:30:00,414.24
C008,2025-01-18 03:00:00,28.58
C026,2025-01-18 03:30:00,364.74
C045,2025-01-18 04:00:00,388.08
C044,2025-01-18 04:30:00,179.54
C005,2025-01-18 05:00:00,413.27
C006,2025-01-18 05:30:00,260.25
C026,2025-01-18 06:00:00,234.33
C004,2025-01-18 06:30:00,27.47
C019,2025-01-18 07:00:00,148.56
C020,2025-01-18 07:30:00,465.85
C033,2025-01-18 08:00:00,198.95
C020,2025-01-18 08:30:00,275.62
C049,2025-01-18 09:00:00,268.35
C012,2025-01-18 09:30:00,297.26
C047,2025-01-18 10:00:00,35.36
C001,2025-01-18 10:30:00,184.28
C026,2025-01-18 11:00:00,362.95
C014,2025-01-18 11:30:00,104.28
C038,2025-01-18 12:00:00,105.77
C037,2025-01-18 12:30:00,9.99
C011,2025-01-18 13:00:00,221.55
C036,2025-01-18 13:30:00,441.95
C013,2025-01-18 14:00:00,30.69
C043,2025-01-18 14:30:00,99.6
C003,2025-01-18 15:00:00,158.49
C033,2025-01-18 15:30:00,367.2
C006,2025-01-18 16:00:00,322.11
C050,2025-01-18 16:30:00,210.89
C010,2025-01-18 17:00:00,380.74
C005,2025-01-18 17:30:00,306.77
C023,2025-01-18 18:00:00,448.54
C010,2025-01-18 18:30:00,409.92
C044,2025-01-18 19:00:00,130.14
C002,2025-01-18 19:30:00,139.36
C013,2025-01-18 20:00:00,67.05
C040,2025-01-18 20:30:00,171.8
C002,2025-01-18 21:00:00,499.77
C020,2025-01-18 21:30:00,205.85
C001,2025-01-18 22:00:00,114.14
C037,2025-01-18 22:30:00,382.43
C009,2025-01-18 23:00:00,273.52
C017,2025-01-18 23:30:00,79.05
C009,2025-01-19 00:00:00,193.44
C011,2025-01-19 00:30:00,210.16
C015,2025-01-19 01:00:00,378.15
C024,2025-01-19 01:30:00,15.23
C038,2025-01-19 02:00:00,138.16
C035,2025-01-19 02:30:00,261.21
C030,2025-01-19 03:00:00,138.08
C031,2025-01-19 03:30:00,316.07
C049,2025-01-19 04:00:00,243.52
C005,2025-01-19 04:30:00,184.05
C044,2025-01-19 05:00:00,474.86
C050,2025-01-19 05:30:00,317.92
C014,2025-01-19 06:00:00,69.32
C011,2025-01-19 06:30:00,282.25
C009,2025-01-19 07:00:00,391.46
C034,2025-01-19 07:30:00,355.7
C012,2025-01-19 08:00:00,90.18
C035,2025-01-19 08:30:00,486.35
C035,2025-01-19 09:00:00,227.16
C001,2025-01-19 09:30:00,83.72
C040,2025-01-19 10:00:00,94.2
C022,2025-01-19 10:30:00,53.63
C029,2025-01-19 11:00:00,402.74
C008,2025-01-19 11:30:00,65.41
C011,2025-01-19 12:00:00,66.94
C041,2025-01-19 12:30:00,425.98
C037,2025-01-19 13:00:00,175.58
C014,2025-01-19 13:30:00,20.27
C030,2025-01-19 14:00:00,30.69
C035,2025-01-19 14:30:00,75.37
C021,2025-01-19 15:00:00,110.63
C037,2025-01-19 15:30:00,334.25
C005,2025-01-19 16:00:00,82.88
C019,2025-01-19 16:30:00,63.84
C014,2025-01-19 17:00:00,383.54
C026,2025-01-19 17:30:00,337.17
C004,2025-01-19 18:00:00,220.49
C025,2025-01-19 18:30:00,276.91
C045,2025-01-19 19:00:00,159.43
C042,2025-01-19 19:30:00,243.84
C025,2025-01-19 20:00:00,255.8
C018,2025-01-19 20:30:00,196.68
C040,2025-01-19 21:00:00,453.75
C008,2025-01-19 21:30:00,12.95
C039,2025-01-19 22:00:00,392.17
C040,2025-01-19 22:30:00,66.57
C014,2025-01-19 23:00:00,399.79
C032,2025-01-19 23:30:00,309.88
C038,2025-01-20 00:00:00,422.42
C033,2025-01-20 00:30:00,53.27
C023,2025-01-20 01:00:00,281.7
C015,2025-01-20 01:30:00,253.04
C033,2025-01-20 02:00:00,354.57
C025,2025-01-20 02:30:00,269.47
C017,2025-01-20 03:00:00,272.66
C033,2025-01-20 03:30:00,217.65
C047,2025-01-20 04:00:00,157.87
C002,2025-01-20 04:30:00,243.72
C014,2025-01-20 05:00:00,63.65
C040,2025-01-20 05:30:00,480.95
C040,2025-01-20 06:00:00,358.63
C039,2025-01-20 06:30:00,476.47
C006,2025-01-20 07:00:00,117.23
C006,2025-01-20 07:30:00,440.27
C003,2025-01-20 08:00:00,405.35
C007,2025-01-20 08:30:00,340.19
C008,2025-01-20 09:00:00,314.39
C042,2025-01-20 09:30:00,161.69
C015,2025-01-20 10:00:00,409.12
C047,2025-01-20 10:30:00,253.25
C029,2025-01-20 11:00:00,40.09
C033,2025-01-20 11:30:00,159.87
C030,2025-01-20 12:00:00,467.97
C039,2025-01-20 12:30:00,426.09
C027,2025-01-20 13:00:00,491.04
C036,2025-01-20 13:30:00,315.86
C029,2025-01-20 14:00:00,127.52
C038,2025-01-20 14:30:00,85.59
C033,2025-01-20 15:00:00,97.52
C037,2025-01-20 15:30:00,14.8
C027,2025-01-20 16:00:00,198.39
C033,2025-01-20 16:30:00,99.76
C004,2025-01-20 17:00:00,208.77
C022,2025-01-20 17:30:00,467.82
C002,2025-01-20 18:00:00,218.12
C010,2025-01-20 18:30:00,439.6
C005,2025-01-20 19:00:00,304.72
C010,2025-01-20 19:30:00,127.33
C033,2025-01-20 20:00:00,181.15
C038,2025-01-20 20:30:00,46.54
C013,2025-01-20 21:00:00,170.06
C031,2025-01-20 21:30:00,340.38
C047,2025-01-20 22:00:00,40.69
C036,2025-01-20 22:30:00,106.67
C045,2025-01-20 23:00:00,193.81
C024,2025-01-20 23:30:00,491.11
C015,2025-01-21 00:00:00,393.51
C029,2025-01-21 00:30:00,368.08
C008,2025-01-21 01:00:00,62.51
C005,2025-01-21 01:30:00,391.59
C029,2025-01-21 02:00:00,393.71
C047,2025-01-21 02:30:00,302.55
C004,2025-01-21 03:00:00,495.23
C012,2025-01-21 03:30:00,166.0
C045,2025-01-21 04:00:00,470.93
C002,2025-01-21 04:30:00,457.79
C027,2025-01-21 05:00:00,10.68
C031,2025-01-21 05:30:00,227.81
C036,2025-01-21 06:00:00,488.67
C036,2025-01-21 06:30:00,56.05
C026,2025-01-21 07:00:00,276.15
C043,2025-01-21 07:30:00,489.58
C027,2025-01-21 08:00:00,279.97
C005,2025-01-21 08:30:00,98.96
C020,2025-01-21 09:00:00,293.18
C011,2025-01-21 09:30:00,106.2
C010,2025-01-21 10:00:00,262.25
C040,2025-01-21 10:30:00,41.65
C038,2025-01-21 11:00:00,304.71
C006,2025-01-21 11:30:00,260.81
C008,2025-01-21 12:00:00,371.38
C023,2025-01-21 12:30:00,317.2
C047,2025-01-21 13:00:00,277.06
C026,2025-01-21 13:30:00,346.44
C046,2025-01-21 14:00:00,76.25
C043,2025-01-21 14:30:00,299.7
C012,2025-01-21 15:00:00,90.19
C026,2025-01-21 15:30:00,463.13
C013,2025-01-21 16:00:00,38.83
C040,2025-01-21 16:30:00,218.04
C018,2025-01-21 17:00:00,349.42
C025,2025-01-21 17:30:00,231.72
C033,2025-01-21 18:00:00,50.59
C047,2025-01-21 18:30:00,278.92
C040,2025-01-21 19:00:00,322.61
C043,2025-01-21 19:30:00,353.38
C012,2025-01-21 20:00:00,189.76
C044,2025-01-21 20:30:00,284.01
C036,2025-01-21 21:00:00,228.09
C048,2025-01-21 21:30:00,337.67
C004,2025-01-21 22:00:00,293.86
C005,2025-01-21 22:30:00,265.25
C037,2025-01-21 23:00:00,128.51
C008,2025-01-21 23:30:00,6.0
C042,2025-01-22 00:00:00,91.17
C049,2025-01-22 00:30:00,62.95
C028,2025-01-22 01:00:00,227.3
C031,2025-01-22 01:30:00,308.07
C009,2025-01-22 02:00:00,110.48
C029,2025-01-22 02:30:00,469.83
C014,2025-01-22 03:00:00,8.31
C040,2025-01-22 03:30:00,387.29
C041,2025-01-22 04:00:00,314.48
C022,2025-01-22 04:30:00,189.91
C011,2025-01-22 05:00:00,29.99
C023,2025-01-22 05:30:00,315.61
C001,2025-01-22 06:00:00,195.88
C046,2025-01-22 06:30:00,468.45
C037,2025-01-22 07:00:00,273.29
C021,2025-01-22 07:30:00,470.13
C026,2025-01-22 08:00:00,114.14
C046,2025-01-22 08:30:00,364.23
C036,2025-01-22 09:00:00,310.54
C023,2025-01-22 09:30:00,371.01
C001,2025-01-22 10:00:00,111.26
C040,2025-01-22 10:30:00,334.17
C015,2025-01-22 11:00:00,251.53
C021,2025-01-22 11:30:00,372.7
C047,2025-01-22 12:00:00,166.89
C009,2025-01-22 12:30:00,445.58
C009,2025-01-22 13:00:00,46.73
C010,2025-01-22 13:30:00,404.56
C026,2025-01-22 14:00:00,431.35
C041,2025-01-22 14:30:00,409.54
C035,2025-01-22 15:00:00,258.8
C025,2025-01-22 15:30:00,222.0
C026,2025-01-22 16:00:00,498.15
C011,2025-01-22 16:30:00,118.44
C038,2025-01-22 17:00:00,275.7
C002,2025-01-22 17:30:00,336.98
C007,2025-01-22 18:00:00,351.93
C018,2025-01-22 18:30:00,105.99
C027,2025-01-22 19:00:00,328.73
C034,2025-01-22 19:30:00,410.09
C027,2025-01-22 20:00:00,29.76
C017,2025-01-22 20:30:00,456.2
C043,2025-01-22 21:00:00,19.6
C044,2025-01-22 21:30:00,181.21
C024,2025-01-22 22:00:00,12.83
C025,2025-01-22 22:30:00,43.19
C007,2025-01-22 23:00:00,456.03
C006,2025-01-22 23:30:00,180.66
C024,2025-01-23 00:00:00,215.26
C033,2025-01-23 00:30:00,111.6
C049,2025-01-23 01:00:00,300.56
C029,2025-01-23 01:30:00,299.43
C043,2025-01-23 02:00:00,189.24
C022,2025-01-23 02:30:00,169.85
C026,2025-01-23 03:00:00,443.06
C028,2025-01-23 03:30:00,194.73
C050,2025-01-23 04:00:00,249.28
C021,2025-01-23 04:30:00,145.24
C049,2025-01-23 05:00:00,394.45
C007,2025-01-23 05:30:00,201.74
C017,2025-01-23 06:00:00,259.24
C020,2025-01-23 06:30:00,130.41
C041,2025-01-23 07:00:00,493.89
C049,2025-01-23 07:30:00,149.29
C020,2025-01-23 08:00:00,386.52
C022,2025-01-23 08:30:00,216.61
C028,2025-01-23 09:00:00,107.08
C040,2025-01-23 09:30:00,400.86
C049,2025-01-23 10:00:00,170.14
C007,2025-01-23 10:30:00,433.27
C001,2025-01-23 11:00:00,458.05
C032,2025-01-23 11:30:00,430.61
C013,2025-01-23 12:00:00,22.33
C030,2025-01-23 12:30:00,394.75
C023,2025-01-23 13:00:00,208.61
C019,2025-01-23 13:30:00,437.49
C032,2025-01-23 14:00:00,320.79
C030,2025-01-23 14:30:00,417.65
C029,2025-01-23 15:00:00,252.22
C049,2025-01-23 15:30:00,269.84
C045,2025-01-23 16:00:00,76.47
C029,2025-01-23 16:30:00,393.07
C030,2025-01-23 17:00:00,212.6
C016,2025-01-23 17:30:00,252.54
C040,2025-01-23 18:00:00,393.62
C019,2025-01-23 18:30:00,301.43
C018,2025-01-23 19:00:00,104.54
C001,2025-01-23 19:30:00,297.17
C014,2025-01-23 20:00:00,206.78
C047,2025-01-23 20:30:00,237.42
C050,2025-01-23 21:00:00,19.01
C002,2025-01-23 21:30:00,108.96
C028,2025-01-23 22:00:00,144.11
C049,2025-01-23 22:30:00,357.92
C050,2025-01-23 23:00:00,10.69
C030,2025-01-23 23:30:00,207.34
C038,2025-01-24 00:00:00,462.39
C004,2025-01-24 00:30:00,60.38
C001,2025-01-24 01:00:00,260.63
C008,2025-01-24 01:30:00,394.33
C029,2025-01-24 02:00:00,471.55
C039,2025-01-24 02:30:00,374.65
C003,2025-01-24 03:00:00,361.68
C032,2025-01-24 03:30:00,414.11
C010,2025-01-24 04:00:00,225.87
C010,2025-01-24 04:30:00,403.89
C019,2025-01-24 05:00:00,8.94
C046,2025-01-24 05:30:00,462.66
C034,2025-01-24 06:00:00,224.44
C033,2025-01-24 06:30:00,278.92
C023,2025-01-24 07:00:00,131.17
C028,2025-01-24 07:30:00,372.55
C032,2025-01-24 08:00:00,42.93
C050,2025-01-24 08:30:00,436.95
C007,2025-01-24 09:00:00,414.92
C029,2025-01-24 09:30:00,111.95
C008,2025-01-24 10:00:00,405.62
C001,2025-01-24 10:30:00,394.25
C003,2025-01-24 11:00:00,317.95
C024,2025-01-24 11:30:00,189.89
C023,2025-01-24 12:00:00,139.39
C008,2025-01-24 12:30:00,119.73
C047,2025-01-24 13:00:00,162.71
C037,2025-01-24 13:30:00,452.26
C003,2025-01-24 14:00:00,43.43
C033,2025-01-24 14:30:00,415.29
C028,2025-01-24 15:00:00,177.7
C047,2025-01-24 15:30:00,263.19
C008,2025-01-24 16:00:00,398.27
C034,2025-01-24 16:30:00,442.77
C035,2025-01-24 17:00:00,175.67
C032,2025-01-24 17:30:00,233.61
C024,2025-01-24 18:00:00,210.19
C014,2025-01-24 18:30:00,11.56
C032,2025-01-24 19:00:00,151.49
C046,2025-01-24 19:30:00,232.3
C043,2025-01-24 20:00:00,208.49
C016,2025-01-24 20:30:00,362.35
C004,2025-01-24 21:00:00,195.48
C037,2025-01-24 21:30:00,247.24
C021,2025-01-24 22:00:00,217.66
C014,2025-01-24 22:30:00,371.61
C031,2025-01-24 23:00:00,432.17
C048,2025-01-24 23:30:00,268.29
C018,2025-01-25 00:00:00,395.77
C007,2025-01-25 00:30:00,151.91
C010,2025-01-25 01:00:00,272.98
C007,2025-01-25 01:30:00,175.89
C033,2025-01-25 02:00:00,210.03
C023,2025-01-25 02:30:00,367.54
C021,2025-01-25 03:00:00,441.42
C019,2025-01-25 03:30:00,65.14
C048,2025-01-25 04:00:00,319.15
C019,2025-01-25 04:30:00,293.16
C036,2025-01-25 05:00:00,63.62
C029,2025-01-25 05:30:00,109.89
C018,2025-01-25 06:00:00,158.95
C002,2025-01-25 06:30:00,87.63
C001,2025-01-25 07:00:00,125.65
C047,2025-01-25 07:30:00,137.46
C005,2025-01-25 08:00:00,171.16
C020,2025-01-25 08:30:00,375.95
C011,2025-01-25 09:00:00,288.1
C042,2025-01-25 09:30:00,493.19
C002,2025-01-25 10:00:00,210.29
C003,2025-01-25 10:30:00,378.16
C023,2025-01-25 11:00:00,436.38
C012,2025-01-25 11:30:00,341.09
C020,2025-01-25 12:00:00,208.87
C005,2025-01-25 12:30:00,378.03
C037,2025-01-25 13:00:00,105.82
C038,2025-01-25 13:30:00,167.14
C030,2025-01-25 14:00:00,275.61
C009,2025-01-25 14:30:00,289.83
C034,2025-01-25 15:00:00,15.96
C044,2025-01-25 15:30:00,472.83
C035,2025-01-25 16:00:00,349.83
C022,2025-01-25 16:30:00,250.37
C044,2025-01-25 17:00:00,466.9
C024,2025-01-25 17:30:00,222.35
C017,2025-01-25 18:00:00,490.32
C010,2025-01-25 18:30:00,258.58
C030,2025-01-25 19:00:00,61.57
C046,2025-01-25 19:30:00,383.58
C023,2025-01-25 20:00:00,341.05
C032,2025-01-25 20:30:00,387.63
C017,2025-01-25 21:00:00,475.96
C050,2025-01-25 21:30:00,389.36
C017,2025-01-25 22:00:00,307.61
C014,2025-01-25 22:30:00,429.37
C009,2025-01-25 23:00:00,338.26
C040,2025-01-25 23:30:00,207.02
C002,2025-01-26 00:00:00,443.38
C045,2025-01-26 00:30:00,114.84
C025,2025-01-26 01:00:00,358.75
C039,2025-01-26 01:30:00,441.37
C009,2025-01-26 02:00:00,367.0
C022,2025-01-26 02:30:00,350.15
C043,2025-01-26 03:00:00,377.56
C046,2025-01-26 03:30:00,235.2
C004,2025-01-26 04:00:00,437.71
C026,2025-01-26 04:30:00,105.7
C029,2025-01-26 05:00:00,68.06
C045,2025-01-26 05:30:00,146.33
C034,2025-01-26 06:00:00,268.13
C023,2025-01-26 06:30:00,257.73
C037,2025-01-26 07:00:00,411.2
C011,2025-01-26 07:30:00,205.26
C006,2025-01-26 08:00:00,244.75
C018,2025-01-26 08:30:00,11.62
C021,2025-01-26 09:00:00,207.82
C042,2025-01-26 09:30:00,325.65
C036,2025-01-26 10:00:00,12.68
C041,2025-01-26 10:30:00,144.04
C038,2025-01-26 11:00:00,107.94
C034,2025-01-26 11:30:00,25.78
C017,2025-01-26 12:00:00,242.23
C037,2025-01-26 12:30:00,94.95
C025,2025-01-26 13:00:00,372.83
C038,2025-01-26 13:30:00,424.72
C012,2025-01-26 14:00:00,275.06
C023,2025-01-26 14:30:00,490.95
C042,2025-01-26 15:00:00,227.99
C022,2025-01-26 15:30:00,259.12
C021,2025-01-26 16:00:00,494.66
C027,2025-01-26 16:30:00,119.62
C031,2025-01-26 17:00:00,471.56
C006,2025-01-26 17:30:00,26.2
C027,2025-01-26 18:00:00,225.96
C040,2025-01-26 18:30:00,39.65
C034,2025-01-26 19:00:00,365.97
C012,2025-01-26 19:30:00,306.16
C045,2025-01-26 20:00:00,354.78
C007,2025-01-26 20:30:00,190.37
C010,2025-01-26 21:00:00,187.89
C045,2025-01-26 21:30:00,27.43
C017,2025-01-26 22:00:00,178.22
C026,2025-01-26 22:30:00,465.0
C021,2025-01-26 23:00:00,192.72
C028,2025-01-26 23:30:00,416.53
C046,2025-01-27 00:00:00,421.95
C002,2025-01-27 00:30:00,189.75
C043,2025-01-27 01:00:00,317.83
C001,2025-01-27 01:30:00,52.21
C036,2025-01-27 02:00:00,56.32
C026,2025-01-27 02:30:00,29.09
C029,2025-01-27 03:00:00,292.6
C021,2025-01-27 03:30:00,215.91
C011,2025-01-27 04:00:00,276.28
C040,2025-01-27 04:30:00,262.93
C011,2025-01-27 05:00:00,178.35
C036,2025-01-27 05:30:00,340.35
C049,2025-01-27 06:00:00,380.46
C039,2025-01-27 06:30:00,12.24
C040,2025-01-27 07:00:00,107.58
C035,2025-01-27 07:30:00,358.05
C034,2025-01-27 08:00:00,196.38
C047,2025-01-27 08:30:00,332.93
C024,2025-01-27 09:00:00,176.75
C022,2025-01-27 09:30:00,198.42
C005,2025-01-27 10:00:00,83.55
C033,2025-01-27 10:30:00,132.82
C036,2025-01-27 11:00:00,304.68
C047,2025-01-27 11:30:00,219.42
C020,2025-01-27 12:00:00,388.28
C019,2025-01-27 12:30:00,427.03
C035,2025-01-27 13:00:00,273.11
C043,2025-01-27 13:30:00,380.34
C017,2025-01-27 14:00:00,156.92
C045,2025-01-27 14:30:00,210.41
C043,2025-01-27 15:00:00,357.82
C034,2025-01-27 15:30:00,196.17
C009,2025-01-27 16:00:00,296.31
C026,2025-01-27 16:30:00,96.76
C002,2025-01-27 17:00:00,301.89
C009,2025-01-27 17:30:00,431.45
C009,2025-01-27 18:00:00,434.98
C040,2025-01-27 18:30:00,363.55
C017,2025-01-27 19:00:00,374.15
C001,2025-01-27 19:30:00,281.17
C025,2025-01-27 20:00:00,294.41
C043,2025-01-27 20:30:00,71.16
C040,2025-01-27 21:00:00,224.71
C042,2025-01-27 21:30:00,228.13
C025,2025-01-27 22:00:00,479.46
C039,2025-01-27 22:30:00,218.39
C035,2025-01-27 23:00:00,276.92
C003,2025-01-27 23:30:00,268.96
C050,2025-01-28 00:00:00,320.2
C037,2025-01-28 00:30:00,375.38
C044,2025-01-28 01:00:00,116.4
C044,2025-01-28 01:30:00,266.72
C030,2025-01-28 02:00:00,413.83
C038,2025-01-28 02:30:00,234.24
C034,2025-01-28 03:00:00,142.84
C012,2025-01-28 03:30:00,329.08
C019,2025-01-28 04:00:00,412.76
C037,2025-01-28 04:30:00,36.25
C044,2025-01-28 05:00:00,389.51
C049,2025-01-28 05:30:00,411.72
C017,2025-01-28 06:00:00,233.45
C010,2025-01-28 06:30:00,491.74
C049,2025-01-28 07:00:00,394.42
C047,2025-01-28 07:30:00,387.96
C012,2025-01-28 08:00:00,375.18
C016,2025-01-28 08:30:00,79.55
C024,2025-01-28 09:00:00,112.53
C019,2025-01-28 09:30:00,234.68
C008,2025-01-28 10:00:00,135.68
C031,2025-01-28 10:30:00,210.54
C021,2025-01-28 11:00:00,444.79
C017,2025-01-28 11:30:00,413.04
C023,2025-01-28 12:00:00,316.87
C037,2025-01-28 12:30:00,429.77
C016,2025-01-28 13:00:00,392.97
C006,2025-01-28 13:30:00,217.35
C008,2025-01-28 14:00:00,104.53
C025,2025-01-28 14:30:00,259.53
C018,2025-01-28 15:00:00,369.43
C025,2025-01-28 15:30:00,221.03
C012,2025-01-28 16:00:00,335.05
C015,2025-01-28 16:30:00,51.69
C026,2025-01-28 17:00:00,375.26
C041,2025-01-28 17:30:00,407.29
C045,2025-01-28 18:00:00,354.88
C026,2025-01-28 18:30:00,483.8
C047,2025-01-28 19:00:00,414.19
C032,2025-01-28 19:30:00,452.03
C010,2025-01-28 20:00:00,467.12
C016,2025-01-28 20:30:00,401.67
C007,2025-01-28 21:00:00,338.76
C017,2025-01-28 21:30:00,7.83
C023,2025-01-28 22:00:00,235.58
C026,2025-01-28 22:30:00,287.73
C021,2025-01-28 23:00:00,155.49
C022,2025-01-28 23:30:00,162.46
C007,2025-01-29 00:00:00,480.77
C014,2025-01-29 00:30:00,446.4
C015,2025-01-29 01:00:00,425.34
C007,2025-01-29 01:30:00,205.98
C009,2025-01-29 02:00:00,11.78
C048,2025-01-29 02:30:00,44.71
C008,2025-01-29 03:00:00,159.54
C050,2025-01-29 03:30:00,12.79
C023,2025-01-29 04:00:00,13.49
C029,2025-01-29 04:30:00,458.72
C018,2025-01-29 05:00:00,354.55
C031,2025-01-29 05:30:00,157.93
C030,2025-01-29 06:00:00,70.66
C039,2025-01-29 06:30:00,258.26
C035,2025-01-29 07:00:00,7.65
C018,2025-01-29 07:30:00,469.51
C042,2025-01-29 08:00:00,210.33
C039,2025-01-29 08:30:00,204.16
C017,2025-01-29 09:00:00,198.34
C014,2025-01-29 09:30:00,39.32
C031,2025-01-29 10:00:00,320.97
C024,2025-01-29 10:30:00,367.84
C035,2025-01-29 11:00:00,339.68
C044,2025-01-29 11:30:00,73.53
C045,2025-01-29 12:00:00,291.53
C034,2025-01-29 12:30:00,286.89
C003,2025-01-29 13:00:00,434.86
C037,2025-01-29 13:30:00,192.67
C043,2025-01-29 14:00:00,188.89
C040,2025-01-29 14:30:00,311.17
C026,2025-01-29 15:00:00,318.37
C023,2025-01-29 15:30:00,237.3
C044,2025-01-29 16:00:00,224.31
C039,2025-01-29 16:30:00,249.6
C015,2025-01-29 17:00:00,431.22
C049,2025-01-29 17:30:00,233.28
C004,2025-01-29 18:00:00,470.27
C029,2025-01-29 18:30:00,254.48
C022,2025-01-29 19:00:00,474.85
C025,2025-01-29 19:30:00,417.25
C013,2025-01-29 20:00:00,184.4
C018,2025-01-29 20:30:00,432.5
C033,2025-01-29 21:00:00,59.48
C016,2025-01-29 21:30:00,462.9
C045,2025-01-29 22:00:00,317.66
C042,2025-01-29 22:30:00,31.92
C044,2025-01-29 23:00:00,323.91
C002,2025-01-29 23:30:00,487.25
C035,2025-01-30 00:00:00,39.55
C042,2025-01-30 00:30:00,279.57
C034,2025-01-30 01:00:00,375.16
C030,2025-01-30 01:30:00,406.08
C013,2025-01-30 02:00:00,209.84
C013,2025-01-30 02:30:00,106.06
C018,2025-01-30 03:00:00,25.96
C032,2025-01-30 03:30:00,291.96
C032,2025-01-30 04:00:00,229.19
C035,2025-01-30 04:30:00,474.63
C039,2025-01-30 05:00:00,35.0
C046,2025-01-30 05:30:00,344.27
C029,2025-01-30 06:00:00,17.36
C049,2025-01-30 06:30:00,89.86
C029,2025-01-30 07:00:00,229.52
C044,2025-01-30 07:30:00,230.16
C016,2025-01-30 08:00:00,344.42
C044,2025-01-30 08:30:00,455.56
C047,2025-01-30 09:00:00,321.32
C010,2025-01-30 09:30:00,477.0
C030,2025-01-30 10:00:00,441.4
C025,2025-01-30 10:30:00,294.33
C039,2025-01-30 11:00:00,417.73
C020,2025-01-30 11:30:00,323.08
C005,2025-01-30 12:00:00,43.89
C001,2025-01-30 12:30:00,371.58
C030,2025-01-30 13:00:00,51.98
C049,2025-01-30 13:30:00,299.07
C003,2025-01-30 14:00:00,352.81
C045,2025-01-30 14:30:00,37.93
C014,2025-01-30 15:00:00,119.24
C030,2025-01-30 15:30:00,458.26
C050,2025-01-30 16:00:00,310.08
C004,2025-01-30 16:30:00,126.91
C018,2025-01-30 17:00:00,346.89
C037,2025-01-30 17:30:00,300.4
C025,2025-01-30 18:00:00,253.28
C048,2025-01-30 18:30:00,488.21
C001,2025-01-30 19:00:00,343.31
C046,2025-01-30 19:30:00,190.84
C015,2025-01-30 20:00:00,401.04
C009,2025-01-30 20:30:00,442.87
C015,2025-01-30 21:00:00,66.98
C049,2025-01-30 21:30:00,104.27
C024,2025-01-30 22:00:00,112.03
C004,2025-01-30 22:30:00,347.15
C012,2025-01-30 23:00:00,303.5
C037,2025-01-30 23:30:00,311.4
C037,2025-01-31 00:00:00,470.68
C043,2025-01-31 00:30:00,389.08
C006,2025-01-31 01:00:00,68.33
C039,2025-01-31 01:30:00,177.02
C046,2025-01-31 02:00:00,220.52
C024,2025-01-31 02:30:00,201.0
C011,2025-01-31 03:00:00,336.31
C013,2025-01-31 03:30:00,446.49
C034,2025-01-31 04:00:00,156.5
C025,2025-01-31 04:30:00,278.18
C007,2025-01-31 05:00:00,395.76
C004,2025-01-31 05:30:00,211.03
C008,2025-01-31 06:00:00,88.22
C020,2025-01-31 06:30:00,240.1
C029,2025-01-31 07:00:00,32.34
C045,2025-01-31 07:30:00,471.48
C046,2025-01-31 08:00:00,42.04
C010,2025-01-31 08:30:00,222.04
C043,2025-01-31 09:00:00,267.29
C034,2025-01-31 09:30:00,492.73
C026,2025-01-31 10:00:00,87.18
C041,2025-01-31 10:30:00,61.64
C049,2025-01-31 11:00:00,9.31
C003,2025-01-31 11:30:00,82.01
C006,2025-01-31 12:00:00,107.6
C005,2025-01-31 12:30:00,317.14
C005,2025-01-31 13:00:00,113.75
C047,2025-01-31 13:30:00,15.16
C023,2025-01-31 14:00:00,414.18
C049,2025-01-31 14:30:00,185.97
C009,2025-01-31 15:00:00,180.08
C035,2025-01-31 15:30:00,154.73
C020,2025-01-31 16:00:00,487.81
C049,2025-01-31 16:30:00,89.21
C042,2025-01-31 17:00:00,449.63
C035,2025-01-31 17:30:00,389.52
C050,2025-01-31 18:00:00,42.86
C018,2025-01-31 18:30:00,493.43
C017,2025-01-31 19:00:00,139.33
C024,2025-01-31 19:30:00,53.8
C003,2025-01-31 20:00:00,415.51
C032,2025-01-31 20:30:00,354.8
C035,2025-01-31 21:00:00,310.52
C038,2025-01-31 21:30:00,82.21
C013,2025-01-31 22:00:00,241.86
C047,2025-01-31 22:30:00,391.38
C025,2025-01-31 23:00:00,155.29
C009,2025-01-31 23:30:00,159.29
C004,2025-02-01 00:00:00,6.55
C014,2025-02-01 00:30:00,91.25
C037,2025-02-01 01:00:00,438.33
C034,2025-02-01 01:30:00,223.66
C011,2025-02-01 02:00:00,492.2
C041,2025-02-01 02:30:00,200.88
C003,2025-02-01 03:00:00,359.02
C028,2025-02-01 03:30:00,144.55
C029,2025-02-01 04:00:00,185.09
C009,2025-02-01 04:30:00,99.41
C003,2025-02-01 05:00:00,176.8
C025,2025-02-01 05:30:00,275.88
C034,2025-02-01 06:00:00,495.93
C012,2025-02-01 06:30:00,333.78
C042,2025-02-01 07:00:00,103.63
C009,2025-02-01 07:30:00,27.26
C015,2025-02-01 08:00:00,67.55
C040,2025-02-01 08:30:00,283.46
C025,2025-02-01 09:00:00,383.75
C005,2025-02-01 09:30:00,470.51
C011,2025-02-01 10:00:00,12.83
C034,2025-02-01 10:30:00,263.77
C024,2025-02-01 11:00:00,238.08
C015,2025-02-01 11:30:00,329.75
C038,2025-02-01 12:00:00,281.99
C008,2025-02-01 12:30:00,345.08
C005,2025-02-01 13:00:00,330.75
C048,2025-02-01 13:30:00,62.92
C026,2025-02-01 14:00:00,400.86
C018,2025-02-01 14:30:00,66.0
C006,2025-02-01 15:00:00,350.77
C037,2025-02-01 15:30:00,210.99
C048,2025-02-01 16:00:00,259.36
C013,2025-02-01 16:30:00,452.13
C028,2025-02-01 17:00:00,445.49
C005,2025-02-01 17:30:00,409.84
C013,2025-02-01 18:00:00,257.52
C017,2025-02-01 18:30:00,369.44
C050,2025-02-01 19:00:00,258.88
C040,2025-02-01 19:30:00,435.46
C045,2025-02-01 20:00:00,204.37
C032,2025-02-01 20:30:00,485.27
C029,2025-02-01 21:00:00,466.5
C003,2025-02-01 21:30:00,372.09
C040,2025-02-01 22:00:00,143.31
C034,2025-02-01 22:30:00,70.17
C040,2025-02-01 23:00:00,428.08
C027,2025-02-01 23:30:00,86.82
C013,2025-02-02 00:00:00,427.86
C045,2025-02-02 00:30:00,247.93
C033,2025-02-02 01:00:00,206.25
C006,2025-02-02 01:30:00,452.08
C024,2025-02-02 02:00:00,303.91
C019,2025-02-02 02:30:00,290.42
C016,2025-02-02 03:00:00,281.59
C040,2025-02-02 03:30:00,188.73
C028,2025-02-02 04:00:00,393.89
C033,2025-02-02 04:30:00,130.14
C048,2025-02-02 05:00:00,469.75
C041,2025-02-02 05:30:00,447.52
C013,2025-02-02 06:00:00,172.05
C043,2025-02-02 06:30:00,366.08
C045,2025-02-02 07:00:00,288.75
C025,2025-02-02 07:30:00,172.14
C042,2025-02-02 08:00:00,494.32
C036,2025-02-02 08:30:00,17.49
C027,2025-02-02 09:00:00,130.06
C038,2025-02-02 09:30:00,262.44
C007,2025-02-02 10:00:00,263.37
C005,2025-02-02 10:30:00,296.52
C043,2025-02-02 11:00:00,377.08
C045,2025-02-02 11:30:00,313.62
C031,2025-02-02 12:00:00,302.14
C023,2025-02-02 12:30:00,31.49
C042,2025-02-02 13:00:00,191.38
C010,2025-02-02 13:30:00,119.87
C032,2025-02-02 14:00:00,136.36
C043,2025-02-02 14:30:00,279.4
C030,2025-02-02 15:00:00,103.76
C039,2025-02-02 15:30:00,150.5
C031,2025-02-02 16:00:00,122.36
C018,2025-02-02 16:30:00,474.51
C036,2025-02-02 17:00:00,472.61
C002,2025-02-02 17:30:00,306.92
C014,2025-02-02 18:00:00,462.64
C013,2025-02-02 18:30:00,393.98
C029,2025-02-02 19:00:00,297.02
C012,2025-02-02 19:30:00,8.19
C039,2025-02-02 20:00:00,387.4
C002,2025-02-02 20:30:00,352.73
C032,2025-02-02 21:00:00,309.55
C013,2025-02-02 21:30:00,381.41
C046,2025-02-02 22:00:00,258.9
C027,2025-02-02 22:30:00,353.52
C049,2025-02-02 23:00:00,467.91
C041,2025-02-02 23:30:00,191.02
C017,2025-02-03 00:00:00,355.52
C040,2025-02-03 00:30:00,240.47
C031,2025-02-03 01:00:00,338.83
C034,2025-02-03 01:30:00,382.63
C024,2025-02-03 02:00:00,27.5
C045,2025-02-03 02:30:00,325.07
C035,2025-02-03 03:00:00,117.24
C048,2025-02-03 03:30:00,336.67
C006,2025-02-03 04:00:00,236.82
C019,2025-02-03 04:30:00,387.91
C030,2025-02-03 05:00:00,66.08
C007,2025-02-03 05:30:00,315.03
C010,2025-02-03 06:00:00,142.84
C041,2025-02-03 06:30:00,427.23
C032,2025-02-03 07:00:00,464.55
C034,2025-02-03 07:30:00,498.22
C028,2025-02-03 08:00:00,399.02
C015,2025-02-03 08:30:00,378.1
C030,2025-02-03 09:00:00,111.67
C037,2025-02-03 09:30:00,171.32
C029,2025-02-03 10:00:00,235.51
C022,2025-02-03 10:30:00,387.82
C004,2025-02-03 11:00:00,457.91
C020,2025-02-03 11:30:00,98.62
C032,2025-02-03 12:00:00,461.57
C036,2025-02-03 12:30:00,349.33
C050,2025-02-03 13:00:00,307.33
C004,2025-02-03 13:30:00,103.92
C027,2025-02-03 14:00:00,32.48
C017,2025-02-03 14:30:00,286.39
C012,2025-02-03 15:00:00,327.5
C022,2025-02-03 15:30:00,109.34
C017,2025-02-03 16:00:00,280.45
C010,2025-02-03 16:30:00,428.96
C001,2025-02-03 17:00:00,418.36
C022,2025-02-03 17:30:00,464.04
C026,2025-02-03 18:00:00,186.11
C018,2025-02-03 18:30:00,162.43
C050,2025-02-03 19:00:00,375.97
C014,2025-02-03 19:30:00,218.4
C047,2025-02-03 20:00:00,48.34
C029,2025-02-03 20:30:00,144.99
C012,2025-02-03 21:00:00,212.2
C036,2025-02-03 21:30:00,149.8
C035,2025-02-03 22:00:00,169.44
C012,2025-02-03 22:30:00,150.42
C007,2025-02-03 23:00:00,25.54
C029,2025-02-03 23:30:00,320.36
C011,2025-02-04 00:00:00,300.66
C033,2025-02-04 00:30:00,328.42
C006,2025-02-04 01:00:00,100.19
C047,2025-02-04 01:30:00,151.35
C015,2025-02-04 02:00:00,311.71
C032,2025-02-04 02:30:00,301.82
C011,2025-02-04 03:00:00,255.63
C023,2025-02-04 03:30:00,178.45
C026,2025-02-04 04:00:00,456.9
C034,2025-02-04 04:30:00,173.19
C046,2025-02-04 05:00:00,230.53
C034,2025-02-04 05:30:00,340.67
C029,2025-02-04 06:00:00,273.8
C004,2025-02-04 06:30:00,176.71
C017,2025-02-04 07:00:00,220.64
C035,2025-02-04 07:30:00,398.27
C013,2025-02-04 08:00:00,142.67
C041,2025-02-04 08:30:00,75.42
C039,2025-02-04 09:00:00,160.02
C015,2025-02-04 09:30:00,425.52
C029,2025-02-04 10:00:00,49.05
C029,2025-02-04 10:30:00,495.89
C011,2025-02-04 11:00:00,272.8
C032,2025-02-04 11:30:00,492.5
C002,2025-02-04 12:00:00,469.8
C047,2025-02-04 12:30:00,229.14
C014,2025-02-04 13:00:00,103.25
C020,2025-02-04 13:30:00,86.62
C022,2025-02-04 14:00:00,123.79
C011,2025-02-04 14:30:00,356.52
C027,2025-02-04 15:00:00,140.11
C003,2025-02-04 15:30:00,174.01
C017,2025-02-04 16:00:00,227.15
C044,2025-02-04 16:30:00,457.05
C028,2025-02-04 17:00:00,98.75
C029,2025-02-04 17:30:00,7.49
C021,2025-02-04 18:00:00,34.75
C047,2025-02-04 18:30:00,452.86
C016,2025-02-04 19:00:00,325.52
C037,2025-02-04 19:30:00,140.16
C020,2025-02-04 20:00:00,92.71
C006,2025-02-04 20:30:00,150.66
C019,2025-02-04 21:00:00,61.82
C005,2025-02-04 21:30:00,471.06
C003,2025-02-04 22:00:00,393.18
C001,2025-02-04 22:30:00,233.88
C038,2025-02-04 23:00:00,433.16
C015,2025-02-04 23:30:00,128.48
C034,2025-02-05 00:00:00,359.97
C035,2025-02-05 00:30:00,428.79
C049,2025-02-05 01:00:00,181.6
C025,2025-02-05 01:30:00,379.94
C024,2025-02-05 02:00:00,151.06
C012,2025-02-05 02:30:00,152.93
C018,2025-02-05 03:00:00,57.99
C015,2025-02-05 03:30:00,222.83
C044,2025-02-05 04:00:00,366.21
C016,2025-02-05 04:30:00,470.41
C027,2025-02-05 05:00:00,303.88
C008,2025-02-05 05:30:00,432.25
C046,2025-02-05 06:00:00,412.13
C025,2025-02-05 06:30:00,90.8
C017,2025-02-05 07:00:00,245.48
C029,2025-02-05 07:30:00,62.88
C008,2025-02-05 08:00:00,342.67
C015,2025-02-05 08:30:00,475.2
C027,2025-02-05 09:00:00,72.86
C046,2025-02-05 09:30:00,368.27
C050,2025-02-05 10:00:00,317.96
C007,2025-02-05 10:30:00,293.88
C003,2025-02-05 11:00:00,198.11
C029,2025-02-05 11:30:00,180.79
C044,2025-02-05 12:00:00,27.4
C024,2025-02-05 12:30:00,112.86
C003,2025-02-05 13:00:00,12.51
C020,2025-02-05 13:30:00,292.8
C046,2025-02-05 14:00:00,57.4
C015,2025-02-05 14:30:00,437.14
C025,2025-02-05 15:00:00,263.96
C030,2025-02-05 15:30:00,351.35
C014,2025-02-05 16:00:00,208.37
C007,2025-02-05 16:30:00,282.49
C017,2025-02-05 17:00:00,471.62
C044,2025-02-05 17:30:00,45.95
C020,2025-02-05 18:00:00,130.7
C036,2025-02-05 18:30:00,391.09
C009,2025-02-05 19:00:00,53.87
C038,2025-02-05 19:30:00,42.45
C048,2025-02-05 20:00:00,183.96
C022,2025-02-05 20:30:00,50.62
C002,2025-02-05 21:00:00,294.61
C024,2025-02-05 21:30:00,117.01
C008,2025-02-05 22:00:00,448.37
C011,2025-02-05 22:30:00,392.83
C013,2025-02-05 23:00:00,351.35
C017,2025-02-05 23:30:00,310.39
C008,2025-02-06 00:00:00,432.42
C021,2025-02-06 00:30:00,115.42
C018,2025-02-06 01:00:00,437.19
C030,2025-02-06 01:30:00,395.8
C018,2025-02-06 02:00:00,375.34
C046,2025-02-06 02:30:00,282.82
C047,2025-02-06 03:00:00,126.89
C031,2025-02-06 03:30:00,214.66
C038,2025-02-06 04:00:00,397.82
C032,2025-02-06 04:30:00,20.73
C011,2025-02-06 05:00:00,392.12
C045,2025-02-06 05:30:00,123.84
C025,2025-02-06 06:00:00,76.43
C033,2025-02-06 06:30:00,62.27
C038,2025-02-06 07:00:00,18.49
C041,2025-02-06 07:30:00,264.18
C008,2025-02-06 08:00:00,113.04
C011,2025-02-06 08:30:00,494.77
C022,2025-02-06 09:00:00,289.35
C024,2025-02-06 09:30:00,73.25
C041,2025-02-06 10:00:00,345.94
C017,2025-02-06 10:30:00,449.38
C012,2025-02-06 11:00:00,373.86
C046,2025-02-06 11:30:00,42.84
C032,2025-02-06 12:00:00,448.46
C015,2025-02-06 12:30:00,398.0
C016,2025-02-06 13:00:00,83.36
C022,2025-02-06 13:30:00,30.63
C028,2025-02-06 14:00:00,280.87
C020,2025-02-06 14:30:00,82.24
C033,2025-02-06 15:00:00,418.12
C010,2025-02-06 15:30:00,182.38
C040,2025-02-06 16:00:00,456.88
C032,2025-02-06 16:30:00,285.02
C050,2025-02-06 17:00:00,95.42
C033,2025-02-06 17:30:00,74.1
C002,2025-02-06 18:00:00,290.35
C033,2025-02-06 18:30:00,382.13
C033,2025-02-06 19:00:00,391.85
C041,2025-02-06 19:30:00,141.5
C013,2025-02-06 20:00:00,106.1
C030,2025-02-06 20:30:00,13.29
C033,2025-02-06 21:00:00,341.2
C013,2025-02-06 21:30:00,42.9
C026,2025-02-06 22:00:00,213.28
C022,2025-02-06 22:30:00,302.83
C039,2025-02-06 23:00:00,468.87
C002,2025-02-06 23:30:00,159.34
C038,2025-02-07 00:00:00,128.64
C039,2025-02-07 00:30:00,328.81
C026,2025-02-07 01:00:00,311.52
C046,2025-02-07 01:30:00,169.39
C050,2025-02-07 02:00:00,464.41
C015,2025-02-07 02:30:00,423.21
C034,2025-02-07 03:00:00,115.87
C042,2025-02-07 03:30:00,123.38
C044,2025-02-07 04:00:00,258.59
C049,2025-02-07 04:30:00,387.92
C040,2025-02-07 05:00:00,26.8
C011,2025-02-07 05:30:00,348.2
C003,2025-02-07 06:00:00,325.88
C006,2025-02-07 06:30:00,119.58
C009,2025-02-07 07:00:00,342.27
C006,2025-02-07 07:30:00,470.39
C009,2025-02-07 08:00:00,28.16
C039,2025-02-07 08:30:00,163.23
C031,2025-02-07 09:00:00,221.9
C032,2025-02-07 09:30:00,450.13
C041,2025-02-07 10:00:00,481.32
C050,2025-02-07 10:30:00,224.84
C012,2025-02-07 11:00:00,376.26
C008,2025-02-07 11:30:00,268.17
C008,2025-02-07 12:00:00,271.2
C050,2025-02-07 12:30:00,142.66
C028,2025-02-07 13:00:00,112.39
C020,2025-02-07 13:30:00,147.56
C047,2025-02-07 14:00:00,280.38
C007,2025-02-07 14:30:00,19.43
C011,2025-02-07 15:00:00,454.09
C020,2025-02-07 15:30:00,82.36
C016,2025-02-07 16:00:00,113.94
C004,2025-02-07 16:30:00,261.55
C006,2025-02-07 17:00:00,356.51
C022,2025-02-07 17:30:00,52.39
C026,2025-02-07 18:00:00,162.26
C003,2025-02-07 18:30:00,484.49
C041,2025-02-07 19:00:00,134.86
C042,2025-02-07 19:30:00,159.96
C014,2025-02-07 20:00:00,419.07
C011,2025-02-07 20:30:00,29.86
C018,2025-02-07 21:00:00,234.98
C012,2025-02-07 21:30:00,192.91
C023,2025-02-07 22:00:00,161.71
C012,2025-02-07 22:30:00,146.42
C013,2025-02-07 23:00:00,50.23
C025,2025-02-07 23:30:00,160.84
C045,2025-02-08 00:00:00,26.31
C019,2025-02-08 00:30:00,391.58
C046,2025-02-08 01:00:00,202.12
C036,2025-02-08 01:30:00,224.73
C045,2025-02-08 02:00:00,447.33
C008,2025-02-08 02:30:00,330.74
C029,2025-02-08 03:00:00,8.99
C032,2025-02-08 03:30:00,471.87
C044,2025-02-08 04:00:00,122.39
C018,2025-02-08 04:30:00,58.27
C006,2025-02-08 05:00:00,385.22
C018,2025-02-08 05:30:00,252.74
C019,2025-02-08 06:00:00,219.72
C022,2025-02-08 06:30:00,128.5
C037,2025-02-08 07:00:00,276.0
C032,2025-02-08 07:30:00,140.82
C041,2025-02-08 08:00:00,451.28
C003,2025-02-08 08:30:00,111.53
C028,2025-02-08 09:00:00,442.76
C010,2025-02-08 09:30:00,281.91
C035,2025-02-08 10:00:00,415.1
C029,2025-02-08 10:30:00,357.86
C015,2025-02-08 11:00:00,349.86
C033,2025-02-08 11:30:00,165.55
C007,2025-02-08 12:00:00,120.78
C012,2025-02-08 12:30:00,109.39
C049,2025-02-08 13:00:00,429.31
C030,2025-02-08 13:30:00,411.11
C021,2025-02-08 14:00:00,223.08
C031,2025-02-08 14:30:00,70.54
C024,2025-02-08 15:00:00,194.21
C020,2025-02-08 15:30:00,311.58
C037,2025-02-08 16:00:00,229.93
C004,2025-02-08 16:30:00,391.19
C028,2025-02-08 17:00:00,498.82
C044,2025-02-08 17:30:00,99.61
C020,2025-02-08 18:00:00,232.53
C024,2025-02-08 18:30:00,218.34
C050,2025-02-08 19:00:00,155.72
C049,2025-02-08 19:30:00,103.06
C032,2025-02-08 20:00:00,37.52
C041,2025-02-08 20:30:00,444.12
C036,2025-02-08 21:00:00,212.83
C034,2025-02-08 21:30:00,250.96
C036,2025-02-08 22:00:00,458.89
C002,2025-02-08 22:30:00,389.26
C015,2025-02-08 23:00:00,69.6
C034,2025-02-08 23:30:00,284.88
C036,2025-02-09 00:00:00,223.91
C006,2025-02-09 00:30:00,399.62
C039,2025-02-09 01:00:00,363.5
C042,2025-02-09 01:30:00,346.75
C012,2025-02-09 02:00:00,173.57
C003,2025-02-09 02:30:00,403.46
C045,2025-02-09 03:00:00,30.93
C018,2025-02-09 03:30:00,84.01
C040,2025-02-09 04:00:00,171.13
C021,2025-02-09 04:30:00,43.02
C015,2025-02-09 05:00:00,121.32
C033,2025-02-09 05:30:00,415.92
C035,2025-02-09 06:00:00,474.38
C026,2025-02-09 06:30:00,155.78
C008,2025-02-09 07:00:00,135.94
C036,2025-02-09 07:30:00,143.55
C048,2025-02-09 08:00:00,142.47
C030,2025-02-09 08:30:00,22.79
C023,2025-02-09 09:00:00,463.82
C042,2025-02-09 09:30:00,110.78
C044,2025-02-09 10:00:00,212.9
C014,2025-02-09 10:30:00,9.8
C014,2025-02-09 11:00:00,429.69
C002,2025-02-09 11:30:00,366.92
C037,2025-02-09 12:00:00,473.64
C005,2025-02-09 12:30:00,391.9
C038,2025-02-09 13:00:00,160.28
C045,2025-02-09 13:30:00,127.7
C041,2025-02-09 14:00:00,350.37
C047,2025-02-09 14:30:00,185.24
C014,2025-02-09 15:00:00,285.28
C039,2025-02-09 15:30:00,8.1
C025,2025-02-09 16:00:00,35.63
C020,2025-02-09 16:30:00,270.01
C002,2025-02-09 17:00:00,285.21
C039,2025-02-09 17:30:00,376.97
C006,2025-02-09 18:00:00,70.32
C017,2025-02-09 18:30:00,259.03
C025,2025-02-09 19:00:00,101.25
C028,2025-02-09 19:30:00,51.13
C002,2025-02-09 20:00:00,208.2
C035,2025-02-09 20:30:00,85.85
C037,2025-02-09 21:00:00,114.78
C005,2025-02-09 21:30:00,162.19
C001,2025-02-09 22:00:00,133.4
C040,2025-02-09 22:30:00,48.36
C012,2025-02-09 23:00:00,49.51
C036,2025-02-09 23:30:00,100.66
C045,2025-02-10 00:00:00,30.03
C023,2025-02-10 00:30:00,315.1
C047,2025-02-10 01:00:00,147.23
C031,2025-02-10 01:30:00,143.47
C011,2025-02-10 02:00:00,169.34
C010,2025-02-10 02:30:00,333.08
C003,2025-02-10 03:00:00,435.96
C014,2025-02-10 03:30:00,380.75
C016,2025-02-10 04:00:00,365.13
C010,2025-02-10 04:30:00,244.77
C029,2025-02-10 05:00:00,348.43
C010,2025-02-10 05:30:00,278.62
C012,2025-02-10 06:00:00,112.04
C030,2025-02-10 06:30:00,108.25
C041,2025-02-10 07:00:00,151.71
C001,2025-02-10 07:30:00,455.85
C005,2025-02-10 08:00:00,275.97
C020,2025-02-10 08:30:00,368.28
C008,2025-02-10 09:00:00,176.55
C043,2025-02-10 09:30:00,206.82
C012,2025-02-10 10:00:00,67.15
C001,2025-02-10 10:30:00,89.79
C020,2025-02-10 11:00:00,414.54
C028,2025-02-10 11:30:00,294.5
C043,2025-02-10 12:00:00,172.08
C037,2025-02-10 12:30:00,402.41
C047,2025-02-10 13:00:00,127.03
C037,2025-02-10 13:30:00,488.14
C012,2025-02-10 14:00:00,175.68
C037,2025-02-10 14:30:00,171.97
C049,2025-02-10 15:00:00,159.4
C049,2025-02-10 15:30:00,65.45
C044,2025-02-10 16:00:00,60.01
C028,2025-02-10 16:30:00,325.81
C047,2025-02-10 17:00:00,438.18
C015,2025-02-10 17:30:00,396.31
C006,2025-02-10 18:00:00,74.85
C044,2025-02-10 18:30:00,275.06
C020,2025-02-10 19:00:00,57.27
C050,2025-02-10 19:30:00,27.42
C014,2025-02-10 20:00:00,329.91
C002,2025-02-10 20:30:00,269.9
C009,2025-02-10 21:00:00,45.6
C037,2025-02-10 21:30:00,22.29
C020,2025-02-10 22:00:00,494.93
C026,2025-02-10 22:30:00,19.86
C029,2025-02-10 23:00:00,225.04
C001,2025-02-10 23:30:00,254.79
C035,2025-02-11 00:00:00,63.05
C006,2025-02-11 00:30:00,88.69
C037,2025-02-11 01:00:00,179.14
C005,2025-02-11 01:30:00,382.03
C033,2025-02-11 02:00:00,256.01
C049,2025-02-11 02:30:00,320.76
C014,2025-02-11 03:00:00,492.66
C012,2025-02-11 03:30:00,385.16
C042,2025-02-11 04:00:00,220.01
C020,2025-02-11 04:30:00,225.99
C050,2025-02-11 05:00:00,311.29
C024,2025-02-11 05:30:00,334.36
C043,2025-02-11 06:00:00,252.85
C034,2025-02-11 06:30:00,324.21
C025,2025-02-11 07:00:00,16.65
C050,2025-02-11 07:30:00,217.66
C029,2025-02-11 08:00:00,143.07
C039,2025-02-11 08:30:00,68.94
C031,2025-02-11 09:00:00,54.28
C047,2025-02-11 09:30:00,303.58
C043,2025-02-11 10:00:00,264.18
C050,2025-02-11 10:30:00,130.52
C023,2025-02-11 11:00:00,238.12
C044,2025-02-11 11:30:00,248.65
C038,2025-02-11 12:00:00,101.53
C020,2025-02-11 12:30:00,327.79
C023,2025-02-11 13:00:00,391.56
C045,2025-02-11 13:30:00,396.77
C016,2025-02-11 14:00:00,303.22
C050,2025-02-11 14:30:00,258.26
C042,2025-02-11 15:00:00,35.2
C008,2025-02-11 15:30:00,147.48
C050,2025-02-11 16:00:00,51.17
C021,2025-02-11 16:30:00,482.09
C001,2025-02-11 17:00:00,71.86
C008,2025-02-11 17:30:00,80.13
C029,2025-02-11 18:00:00,445.34
C032,2025-02-11 18:30:00,472.24
C038,2025-02-11 19:00:00,384.09
C005,2025-02-11 19:30:00,7.68
C047,2025-02-11 20:00:00,5.67
C022,2025-02-11 20:30:00,192.16
C047,2025-02-11 21:00:00,75.98
C034,2025-02-11 21:30:00,14.1
C001,2025-02-11 22:00:00,234.71
C026,2025-02-11 22:30:00,471.82
C043,2025-02-11 23:00:00,165.29
C010,2025-02-11 23:30:00,332.26
C030,2025-02-12 00:00:00,327.86
C050,2025-02-12 00:30:00,129.28
C018,2025-02-12 01:00:00,326.96
C017,2025-02-12 01:30:00,110.11
C026,2025-02-12 02:00:00,65.39
C008,2025-02-12 02:30:00,352.18
C047,2025-02-12 03:00:00,61.15
C040,2025-02-12 03:30:00,498.47
C049,2025-02-12 04:00:00,95.81
C012,2025-02-12 04:30:00,299.1
C027,2025-02-12 05:00:00,208.63
C008,2025-02-12 05:30:00,67.56
C025,2025-02-12 06:00:00,18.78
C046,2025-02-12 06:30:00,313.25
C004,2025-02-12 07:00:00,404.34
C033,2025-02-12 07:30:00,421.8
C001,2025-02-12 08:00:00,243.94
C019,2025-02-12 08:30:00,389.84
C031,2025-02-12 09:00:00,338.06
C016,2025-02-12 09:30:00,363.51
C014,2025-02-12 10:00:00,248.84
C048,2025-02-12 10:30:00,318.54
C005,2025-02-12 11:00:00,403.74
C041,2025-02-12 11:30:00,201.95
C026,2025-02-12 12:00:00,403.96
C028,2025-02-12 12:30:00,298.05
C002,2025-02-12 13:00:00,87.12
C050,2025-02-12 13:30:00,17.22
C006,2025-02-12 14:00:00,184.56
C009,2025-02-12 14:30:00,275.61
C033,2025-02-12 15:00:00,420.71
C041,2025-02-12 15:30:00,68.11
C025,2025-02-12 16:00:00,401.1
C048,2025-02-12 16:30:00,432.19
C013,2025-02-12 17:00:00,79.59
C009,2025-02-12 17:30:00,426.54
C013,2025-02-12 18:00:00,495.77
C031,2025-02-12 18:30:00,364.79
C041,2025-02-12 19:00:00,393.46
C011,2025-02-12 19:30:00,497.24
C004,2025-02-12 20:00:00,304.71
C034,2025-02-12 20:30:00,157.4
C038,2025-02-12 21:00:00,419.58
C046,2025-02-12 21:30:00,309.17
C004,2025-02-12 22:00:00,292.69
C038,2025-02-12 22:30:00,130.55
C019,2025-02-12 23:00:00,379.39
C006,2025-02-12 23:30:00,45.43
C034,2025-02-13 00:00:00,462.52
C018,2025-02-13 00:30:00,166.28
C013,2025-02-13 01:00:00,68.25
C041,2025-02-13 01:30:00,223.97
C023,2025-02-13 02:00:00,26.02
C019,2025-02-13 02:30:00,343.89
C045,2025-02-13 03:00:00,451.84
C011,2025-02-13 03:30:00,419.45
C001,2025-02-13 04:00:00,68.05
C024,2025-02-13 04:30:00,67.5
C007,2025-02-13 05:00:00,407.65
C025,2025-02-13 05:30:00,462.51
C021,2025-02-13 06:00:00,233.03
C015,2025-02-13 06:30:00,251.99
C001,2025-02-13 07:00:00,162.54
C012,2025-02-13 07:30:00,447.66
C007,2025-02-13 08:00:00,324.23
C015,2025-02-13 08:30:00,147.68
C021,2025-02-13 09:00:00,152.9
C019,2025-02-13 09:30:00,446.14
C029,2025-02-13 10:00:00,11.75
C025,2025-02-13 10:30:00,164.75
C033,2025-02-13 11:00:00,279.41
C049,2025-02-13 11:30:00,78.37
C032,2025-02-13 12:00:00,50.59
C049,2025-02-13 12:30:00,408.56
C035,2025-02-13 13:00:00,447.73
C044,2025-02-13 13:30:00,412.69
C038,2025-02-13 14:00:00,449.9
C026,2025-02-13 14:30:00,278.79
C011,2025-02-13 15:00:00,407.07
C035,2025-02-13 15:30:00,195.1
C008,2025-02-13 16:00:00,334.8
C046,2025-02-13 16:30:00,494.47
C014,2025-02-13 17:00:00,116.74
C010,2025-02-13 17:30:00,198.0
C002,2025-02-13 18:00:00,242.62
C046,2025-02-13 18:30:00,73.32
C009,2025-02-13 19:00:00,45.11
C003,2025-02-13 19:30:00,415.71
C021,2025-02-13 20:00:00,488.51
C026,2025-02-13 20:30:00,205.34
C008,2025-02-13 21:00:00,48.39
C048,2025-02-13 21:30:00,37.58
C002,2025-02-13 22:00:00,446.2
C006,2025-02-13 22:30:00,234.59
C028,2025-02-13 23:00:00,163.41
C029,2025-02-13 23:30:00,240.85
C026,2025-02-14 00:00:00,162.56
C025,2025-02-14 00:30:00,247.07
C012,2025-02-14 01:00:00,430.48
C005,2025-02-14 01:30:00,298.19
C034,2025-02-14 02:00:00,348.85
C048,2025-02-14 02:30:00,185.51
C037,2025-02-14 03:00:00,370.56
C015,2025-02-14 03:30:00,334.98
C044,2025-02-14 04:00:00,64.18
C036,2025-02-14 04:30:00,288.46
C015,2025-02-14 05:00:00,132.09
C043,2025-02-14 05:30:00,403.03
C048,2025-02-14 06:00:00,215.84
C023,2025-02-14 06:30:00,497.37
C006,2025-02-14 07:00:00,50.79
C046,2025-02-14 07:30:00,391.27
C050,2025-02-14 08:00:00,338.48
C044,2025-02-14 08:30:00,384.91
C043,2025-02-14 09:00:00,157.23
C045,2025-02-14 09:30:00,248.57
C021,2025-02-14 10:00:00,399.27
C023,2025-02-14 10:30:00,120.11
C043,2025-02-14 11:00:00,116.89
C016,2025-02-14 11:30:00,277.77
C047,2025-02-14 12:00:00,264.16
C015,2025-02-14 12:30:00,144.72
C025,2025-02-14 13:00:00,152.55
C036,2025-02-14 13:30:00,142.53
C011,2025-02-14 14:00:00,386.9
C015,2025-02-14 14:30:00,327.69
C004,2025-02-14 15:00:00,417.05
C021,2025-02-14 15:30:00,487.86
C013,2025-02-14 16:00:00,239.71
C022,2025-02-14 16:30:00,38.01
C019,2025-02-14 17:00:00,28.81
C034,2025-02-14 17:30:00,151.35
C014,2025-02-14 18:00:00,466.61
C004,2025-02-14 18:30:00,263.99
C048,2025-02-14 19:00:00,139.53
C046,2025-02-14 19:30:00,202.59
C027,2025-02-14 20:00:00,301.3
C029,2025-02-14 20:30:00,328.21
C047,2025-02-14 21:00:00,81.19
C028,2025-02-14 21:30:00,488.63
C035,2025-02-14 22:00:00,274.66
C008,2025-02-14 22:30:00,72.17
C016,2025-02-14 23:00:00,447.35
C042,2025-02-14 23:30:00,41.95
C036,2025-02-15 00:00:00,454.33
C030,2025-02-15 00:30:00,498.3
C018,2025-02-15 01:00:00,351.71
C002,2025-02-15 01:30:00,386.37
C049,2025-02-15 02:00:00,171.96
C013,2025-02-15 02:30:00,471.08
C004,2025-02-15 03:00:00,267.21
C026,2025-02-15 03:30:00,367.53
C025,2025-02-15 04:00:00,462.43
C030,2025-02-15 04:30:00,487.71
C011,2025-02-15 05:00:00,417.44
C007,2025-02-15 05:30:00,154.99
C031,2025-02-15 06:00:00,483.44
C044,2025-02-15 06:30:00,315.92
C010,2025-02-15 07:00:00,465.67
C039,2025-02-15 07:30:00,339.67
C013,2025-02-15 08:00:00,157.08
C031,2025-02-15 08:30:00,188.16
C007,2025-02-15 09:00:00,277.48
C049,2025-02-15 09:30:00,396.06
C042,2025-02-15 10:00:00,162.4
C042,2025-02-15 10:30:00,291.97
C036,2025-02-15 11:00:00,176.08
C020,2025-02-15 11:30:00,408.81
C004,2025-02-15 12:00:00,236.03
C007,2025-02-15 12:30:00,42.98
C001,2025-02-15 13:00:00,87.2
C044,2025-02-15 13:30:00,35.25
C045,2025-02-15 14:00:00,252.15
C042,2025-02-15 14:30:00,57.64
C047,2025-02-15 15:00:00,61.5
C013,2025-02-15 15:30:00,470.82
C022,2025-02-15 16:00:00,436.96
C021,2025-02-15 16:30:00,228.78
C022,2025-02-15 17:00:00,492.97
C028,2025-02-15 17:30:00,5.09
C009,2025-02-15 18:00:00,308.92
C026,2025-02-15 18:30:00,310.13
C009,2025-02-15 19:00:00,231.43
C015,2025-02-15 19:30:00,201.49
C010,2025-02-15 20:00:00,230.41
C024,2025-02-15 20:30:00,210.41
C042,2025-02-15 21:00:00,366.59
C008,2025-02-15 21:30:00,72.0
C024,2025-02-15 22:00:00,102.83
C016,2025-02-15 22:30:00,94.36
C049,2025-02-15 23:00:00,134.92
C026,2025-02-15 23:30:00,265.0
C027,2025-02-16 00:00:00,60.05
C037,2025-02-16 00:30:00,434.74
C004,2025-02-16 01:00:00,152.19
C050,2025-02-16 01:30:00,85.46
C024,2025-02-16 02:00:00,339.43
C019,2025-02-16 02:30:00,23.85
C036,2025-02-16 03:00:00,311.88
C039,2025-02-16 03:30:00,350.61
C010,2025-02-16 04:00:00,111.38
C025,2025-02-16 04:30:00,25.77
C018,2025-02-16 05:00:00,185.0
C019,2025-02-16 05:30:00,53.8
C036,2025-02-16 06:00:00,62.66
C010,2025-02-16 06:30:00,130.86
C033,2025-02-16 07:00:00,151.26
C050,2025-02-16 07:30:00,267.34
C005,2025-02-16 08:00:00,340.8
C047,2025-02-16 08:30:00,298.42
C049,2025-02-16 09:00:00,78.44
C035,2025-02-16 09:30:00,90.18
C044,2025-02-16 10:00:00,439.99
C034,2025-02-16 10:30:00,281.38
C033,2025-02-16 11:00:00,435.62
C021,2025-02-16 11:30:00,188.92
C017,2025-02-16 12:00:00,309.13
C022,2025-02-16 12:30:00,264.21
C048,2025-02-16 13:00:00,162.97
C037,2025-02-16 13:30:00,237.61
C015,2025-02-16 14:00:00,253.73
C035,2025-02-16 14:30:00,104.38
C028,2025-02-16 15:00:00,160.93
C007,2025-02-16 15:30:00,396.75
C032,2025-02-16 16:00:00,458.32
C011,2025-02-16 16:30:00,183.1
C010,2025-02-16 17:00:00,156.95
C009,2025-02-16 17:30:00,101.62
C014,2025-02-16 18:00:00,340.85
C013,2025-02-16 18:30:00,164.93
C025,2025-02-16 19:00:00,493.94
C002,2025-02-16 19:30:00,166.21
C035,2025-02-16 20:00:00,200.1
C007,2025-02-16 20:30:00,303.65
C021,2025-02-16 21:00:00,401.83
C018,2025-02-16 21:30:00,237.41
C003,2025-02-16 22:00:00,214.21
C042,2025-02-16 22:30:00,497.84
C039,2025-02-16 23:00:00,10.19
C041,2025-02-16 23:30:00,448.06
C049,2025-02-17 00:00:00,78.82
C011,2025-02-17 00:30:00,394.03
C039,2025-02-17 01:00:00,310.88
C024,2025-02-17 01:30:00,174.21
C046,2025-02-17 02:00:00,437.57
C019,2025-02-17 02:30:00,11.39
C004,2025-02-17 03:00:00,117.21
C026,2025-02-17 03:30:00,285.61
C038,2025-02-17 04:00:00,179.01
C042,2025-02-17 04:30:00,307.14
C032,2025-02-17 05:00:00,16.93
C039,2025-02-17 05:30:00,62.65
C045,2025-02-17 06:00:00,67.91
C046,2025-02-17 06:30:00,98.7
C036,2025-02-17 07:00:00,232.37
C040,2025-02-17 07:30:00,377.3
C037,2025-02-17 08:00:00,453.24
C033,2025-02-17 08:30:00,418.51
C036,2025-02-17 09:00:00,102.46
C003,2025-02-17 09:30:00,223.37
C009,2025-02-17 10:00:00,103.71
C008,2025-02-17 10:30:00,135.91
C033,2025-02-17 11:00:00,254.26
C006,2025-02-17 11:30:00,38.71
C041,2025-02-17 12:00:00,113.0
C039,2025-02-17 12:30:00,468.01
C004,2025-02-17 13:00:00,235.73
C013,2025-02-17 13:30:00,225.47
C049,2025-02-17 14:00:00,12.21
C002,2025-02-17 14:30:00,127.46
C005,2025-02-17 15:00:00,433.81
C044,2025-02-17 15:30:00,86.49
C027,2025-02-17 16:00:00,210.49
C032,2025-02-17 16:30:00,12.09
C021,2025-02-17 17:00:00,241.78
C008,2025-02-17 17:30:00,15.41
C038,2025-02-17 18:00:00,410.71
C008,2025-02-17 18:30:00,413.3
C050,2025-02-17 19:00:00,394.93
C003,2025-02-17 19:30:00,145.27
C044,2025-02-17 20:00:00,419.43
C003,2025-02-17 20:30:00,273.78
C022,2025-02-17 21:00:00,190.04
C006,2025-02-17 21:30:00,314.54
C002,2025-02-17 22:00:00,11.11
C023,2025-02-17 22:30:00,75.77
C044,2025-02-17 23:00:00,372.44
C002,2025-02-17 23:30:00,125.86
C038,2025-02-18 00:00:00,301.01
C017,2025-02-18 00:30:00,195.63
C035,2025-02-18 01:00:00,428.13
C034,2025-02-18 01:30:00,476.45
C023,2025-02-18 02:00:00,442.36
C030,2025-02-18 02:30:00,138.96
C008,2025-02-18 03:00:00,101.11
C022,2025-02-18 03:30:00,239.85
C044,2025-02-18 04:00:00,8.63
C036,2025-02-18 04:30:00,17.78
C005,2025-02-18 05:00:00,278.88
C013,2025-02-18 05:30:00,262.62
C029,2025-02-18 06:00:00,497.32
C031,2025-02-18 06:30:00,104.91
C047,2025-02-18 07:00:00,132.76
C016,2025-02-18 07:30:00,61.2
C042,2025-02-18 08:00:00,459.18
C030,2025-02-18 08:30:00,390.02
C016,2025-02-18 09:00:00,412.06
C012,2025-02-18 09:30:00,451.87
C017,2025-02-18 10:00:00,264.83
C016,2025-02-18 10:30:00,228.34
C012,2025-02-18 11:00:00,168.54
C008,2025-02-18 11:30:00,296.66
C020,2025-02-18 12:00:00,229.87
C003,2025-02-18 12:30:00,228.52
C016,2025-02-18 13:00:00,468.78
C030,2025-02-18 13:30:00,492.1
C045,2025-02-18 14:00:00,399.26
C023,2025-02-18 14:30:00,379.6
C028,2025-02-18 15:00:00,341.88
C040,2025-02-18 15:30:00,87.21
C005,2025-02-18 16:00:00,34.26
C020,2025-02-18 16:30:00,346.91
C040,2025-02-18 17:00:00,365.75
C044,2025-02-18 17:30:00,28.25
C001,2025-02-18 18:00:00,464.39
C030,2025-02-18 18:30:00,50.11
C021,2025-02-18 19:00:00,146.52
C020,2025-02-18 19:30:00,337.83
C006,2025-02-18 20:00:00,89.09
C022,2025-02-18 20:30:00,32.43
C018,2025-02-18 21:00:00,168.92
C008,2025-02-18 21:30:00,384.16
C039,2025-02-18 22:00:00,209.77
C032,2025-02-18 22:30:00,328.22
C033,2025-02-18 23:00:00,291.91
C016,2025-02-18 23:30:00,16.0
C012,2025-02-19 00:00:00,494.33
C038,2025-02-19 00:30:00,25.51
C034,2025-02-19 01:00:00,484.06
C014,2025-02-19 01:30:00,277.18
C036,2025-02-19 02:00:00,481.76
C033,2025-02-19 02:30:00,61.8
C023,2025-02-19 03:00:00,247.75
C050,2025-02-19 03:30:00,88.9
C045,2025-02-19 04:00:00,30.23
C002,2025-02-19 04:30:00,310.68
C041,2025-02-19 05:00:00,107.85
C021,2025-02-19 05:30:00,295.91
C002,2025-02-19 06:00:00,60.62
C027,2025-02-19 06:30:00,169.33
C009,2025-02-19 07:00:00,391.91
C001,2025-02-19 07:30:00,221.34
C011,2025-02-19 08:00:00,315.73
C003,2025-02-19 08:30:00,325.49
C023,2025-02-19 09:00:00,422.66
C026,2025-02-19 09:30:00,165.84
C004,2025-02-19 10:00:00,345.21
C018,2025-02-19 10:30:00,481.0
C006,2025-02-19 11:00:00,366.47
C035,2025-02-19 11:30:00,247.49
C022,2025-02-19 12:00:00,317.21
C043,2025-02-19 12:30:00,371.14
C015,2025-02-19 13:00:00,308.08
C022,2025-02-19 13:30:00,13.25
C037,2025-02-19 14:00:00,101.41
C042,2025-02-19 14:30:00,406.18
C012,2025-02-19 15:00:00,139.96
C047,2025-02-19 15:30:00,367.12
C049,2025-02-19 16:00:00,189.2
C042,2025-02-19 16:30:00,263.33
C038,2025-02-19 17:00:00,38.65
C018,2025-02-19 17:30:00,94.71
C045,2025-02-19 18:00:00,478.81
C035,2025-02-19 18:30:00,445.62
C030,2025-02-19 19:00:00,327.88
C024,2025-02-19 19:30:00,232.52
C042,2025-02-19 20:00:00,339.5
C030,2025-02-19 20:30:00,311.21
C014,2025-02-19 21:00:00,286.43
C006,2025-02-19 21:30:00,34.29
C003,2025-02-19 22:00:00,318.24
C016,2025-02-19 22:30:00,385.62
C007,2025-02-19 23:00:00,497.07
C014,2025-02-19 23:30:00,10.48
C009,2025-02-20 00:00:00,366.44
C015,2025-02-20 00:30:00,288.04
C021,2025-02-20 01:00:00,219.86
C035,2025-02-20 01:30:00,68.15
C002,2025-02-20 02:00:00,207.5
C027,2025-02-20 02:30:00,180.42
C002,2025-02-20 03:00:00,154.9
C035,2025-02-20 03:30:00,366.79
C018,2025-02-20 04:00:00,351.86
C014,2025-02-20 04:30:00,296.56
C020,2025-02-20 05:00:00,469.64
C018,2025-02-20 05:30:00,178.18
C010,2025-02-20 06:00:00,125.68
C025,2025-02-20 06:30:00,329.67
C002,2025-02-20 07:00:00,103.41
C025,2025-02-20 07:30:00,160.93
C033,2025-02-20 08:00:00,116.18
C036,2025-02-20 08:30:00,39.23
C031,2025-02-20 09:00:00,414.61
C014,2025-02-20 09:30:00,131.0
C001,2025-02-20 10:00:00,239.15
C046,2025-02-20 10:30:00,26.44
C016,2025-02-20 11:00:00,351.17
C046,2025-02-20 11:30:00,168.63
C003,2025-02-20 12:00:00,373.64
C035,2025-02-20 12:30:00,209.14
C041,2025-02-20 13:00:00,101.9
C006,2025-02-20 13:30:00,259.02
C025,2025-02-20 14:00:00,69.6
C013,2025-02-20 14:30:00,223.07
C034,2025-02-20 15:00:00,162.07
C008,2025-02-20 15:30:00,456.42
C021,2025-02-20 16:00:00,35.16
C034,2025-02-20 16:30:00,348.54
C004,2025-02-20 17:00:00,95.46
C025,2025-02-20 17:30:00,162.93
C015,2025-02-20 18:00:00,210.68
C004,2025-02-20 18:30:00,454.47
C045,2025-02-20 19:00:00,125.08
C012,2025-02-20 19:30:00,50.2
C032,2025-02-20 20:00:00,162.75
C032,2025-02-20 20:30:00,56.81
C028,2025-02-20 21:00:00,68.66
C013,2025-02-20 21:30:00,289.06
C031,2025-02-20 22:00:00,35.15
C014,2025-02-20 22:30:00,20.31
C020,2025-02-20 23:00:00,358.63
C018,2025-02-20 23:30:00,184.02
C029,2025-02-21 00:00:00,67.06
C006,2025-02-21 00:30:00,130.54
C032,2025-02-21 01:00:00,322.83
C029,2025-02-21 01:30:00,141.39
C043,2025-02-21 02:00:00,249.79
C002,2025-02-21 02:30:00,65.24
C023,2025-02-21 03:00:00,296.11
C019,2025-02-21 03:30:00,161.46
C031,2025-02-21 04:00:00,315.35
C005,2025-02-21 04:30:00,405.16
C019,2025-02-21 05:00:00,307.76
C034,2025-02-21 05:30:00,151.4
C010,2025-02-21 06:00:00,131.59
C025,2025-02-21 06:30:00,167.07
C002,2025-02-21 07:00:00,86.49
C011,2025-02-21 07:30:00,94.68
C050,2025-02-21 08:00:00,396.39
C031,2025-02-21 08:30:00,195.44
C015,2025-02-21 09:00:00,220.82
C009,2025-02-21 09:30:00,299.05
C023,2025-02-21 10:00:00,296.88
C019,2025-02-21 10:30:00,38.35
C009,2025-02-21 11:00:00,416.61
C035,2025-02-21 11:30:00,92.78
C021,2025-02-21 12:00:00,362.92
C009,2025-02-21 12:30:00,387.47
C028,2025-02-21 13:00:00,358.88
C046,2025-02-21 13:30:00,291.59
C007,2025-02-21 14:00:00,12.23
C016,2025-02-21 14:30:00,183.39
C016,2025-02-21 15:00:00,304.4
C033,2025-02-21 15:30:00,196.79
C004,2025-02-21 16:00:00,432.42
C004,2025-02-21 16:30:00,157.86
C039,2025-02-21 17:00:00,150.3
C040,2025-02-21 17:30:00,136.67
C017,2025-02-21 18:00:00,169.73
C037,2025-02-21 18:30:00,280.92
C039,2025-02-21 19:00:00,354.97
C029,2025-02-21 19:30:00,332.97
C036,2025-02-21 20:00:00,404.82
C038,2025-02-21 20:30:00,443.53
C039,2025-02-21 21:00:00,408.96
C050,2025-02-21 21:30:00,14.38
C037,2025-02-21 22:00:00,369.28
C035,2025-02-21 22:30:00,108.16
C007,2025-02-21 23:00:00,70.8
C027,2025-02-21 23:30:00,321.05
C028,2025-02-22 00:00:00,163.27
C022,2025-02-22 00:30:00,33.27
C014,2025-02-22 01:00:00,73.13
C007,2025-02-22 01:30:00,5.46
C037,2025-02-22 02:00:00,452.1
C022,2025-02-22 02:30:00,17.19
C005,2025-02-22 03:00:00,108.68
C002,2025-02-22 03:30:00,211.05
C027,2025-02-22 04:00:00,181.5
C021,2025-02-22 04:30:00,456.3
C038,2025-02-22 05:00:00,24.94
C015,2025-02-22 05:30:00,258.55
C021,2025-02-22 06:00:00,341.84
C010,2025-02-22 06:30:00,466.19
C023,2025-02-22 07:00:00,312.08
C039,2025-02-22 07:30:00,402.86
C005,2025-02-22 08:00:00,46.44
C001,2025-02-22 08:30:00,196.04
C013,2025-02-22 09:00:00,190.1
C021,2025-02-22 09:30:00,443.71
C026,2025-02-22 10:00:00,79.93
C050,2025-02-22 10:30:00,80.18
C045,2025-02-22 11:00:00,167.64
C021,2025-02-22 11:30:00,31.96
C018,2025-02-22 12:00:00,95.32
C037,2025-02-22 12:30:00,482.78
C045,2025-02-22 13:00:00,216.95
C032,2025-02-22 13:30:00,317.85
C036,2025-02-22 14:00:00,364.43
C017,2025-02-22 14:30:00,186.65
C035,2025-02-22 15:00:00,77.88
C049,2025-02-22 15:30:00,107.26
C011,2025-02-22 16:00:00,160.07
C021,2025-02-22 16:30:00,319.85
C026,2025-02-22 17:00:00,202.15
C004,2025-02-22 17:30:00,8.37
C034,2025-02-22 18:00:00,264.09
C048,2025-02-22 18:30:00,461.15
C018,2025-02-22 19:00:00,406.98
C040,2025-02-22 19:30:00,413.48
C035,2025-02-22 20:00:00,398.55
C041,2025-02-22 20:30:00,165.25
C029,2025-02-22 21:00:00,383.77
C029,2025-02-22 21:30:00,75.86
C038,2025-02-22 22:00:00,330.57
C042,2025-02-22 22:30:00,322.58
C021,2025-02-22 23:00:00,17.66
C042,2025-02-22 23:30:00,395.05
C013,2025-02-23 00:00:00,452.11
C049,2025-02-23 00:30:00,137.37
C041,2025-02-23 01:00:00,407.13
C017,2025-02-23 01:30:00,45.79
C009,2025-02-23 02:00:00,301.98
C041,2025-02-23 02:30:00,245.4
C001,2025-02-23 03:00:00,275.23
C002,2025-02-23 03:30:00,463.47
C048,2025-02-23 04:00:00,436.3
C029,2025-02-23 04:30:00,393.62
C033,2025-02-23 05:00:00,140.48
C010,2025-02-23 05:30:00,456.35
C050,2025-02-23 06:00:00,53.27
C040,2025-02-23 06:30:00,427.4
C021,2025-02-23 07:00:00,167.44
C028,2025-02-23 07:30:00,31.62
C011,2025-02-23 08:00:00,336.33
C034,2025-02-23 08:30:00,119.48
C008,2025-02-23 09:00:00,125.57
C022,2025-02-23 09:30:00,156.49
C008,2025-02-23 10:00:00,36.52
C049,2025-02-23 10:30:00,92.68
C015,2025-02-23 11:00:00,7.54
C017,2025-02-23 11:30:00,225.48
C023,2025-02-23 12:00:00,46.71
C024,2025-02-23 12:30:00,342.91
C045,2025-02-23 13:00:00,121.63
C019,2025-02-23 13:30:00,472.07
C005,2025-02-23 14:00:00,436.27
C032,2025-02-23 14:30:00,148.27
C044,2025-02-23 15:00:00,392.69
C001,2025-02-23 15:30:00,402.61
C023,2025-02-23 16:00:00,493.35
C037,2025-02-23 16:30:00,300.93
C008,2025-02-23 17:00:00,45.57
C013,2025-02-23 17:30:00,325.18
C008,2025-02-23 18:00:00,314.36
C023,2025-02-23 18:30:00,320.98
C043,2025-02-23 19:00:00,157.04
C001,2025-02-23 19:30:00,430.54
C045,2025-02-23 20:00:00,479.94
C024,2025-02-23 20:30:00,112.77
C035,2025-02-23 21:00:00,48.64
C024,2025-02-23 21:30:00,101.29
C017,2025-02-23 22:00:00,411.17
C005,2025-02-23 22:30:00,339.94
C020,2025-02-23 23:00:00,319.84
C021,2025-02-23 23:30:00,203.89
C040,2025-02-24 00:00:00,291.02
C031,2025-02-24 00:30:00,157.4
C046,2025-02-24 01:00:00,241.21
C036,2025-02-24 01:30:00,397.57
C011,2025-02-24 02:00:00,490.71
C015,2025-02-24 02:30:00,466.58
C019,2025-02-24 03:00:00,467.26
C007,2025-02-24 03:30:00,204.1
C028,2025-02-24 04:00:00,237.05
C043,2025-02-24 04:30:00,354.29
C005,2025-02-24 05:00:00,461.49
C005,2025-02-24 05:30:00,75.29
C030,2025-02-24 06:00:00,155.6
C032,2025-02-24 06:30:00,73.93
C008,2025-02-24 07:00:00,307.94
C010,2025-02-24 07:30:00,156.62
C038,2025-02-24 08:00:00,166.42
C047,2025-02-24 08:30:00,40.1
C032,2025-02-24 09:00:00,178.15
C048,2025-02-24 09:30:00,431.94
C028,2025-02-24 10:00:00,120.37
C017,2025-02-24 10:30:00,349.12
C031,2025-02-24 11:00:00,316.67
C008,2025-02-24 11:30:00,432.42
C040,2025-02-24 12:00:00,70.48
C025,2025-02-24 12:30:00,488.91
C009,2025-02-24 13:00:00,293.4
C002,2025-02-24 13:30:00,497.76
C015,2025-02-24 14:00:00,456.2
C050,2025-02-24 14:30:00,114.65
C003,2025-02-24 15:00:00,32.8
C049,2025-02-24 15:30:00,131.54
C036,2025-02-24 16:00:00,266.14
C004,2025-02-24 16:30:00,89.94
C014,2025-02-24 17:00:00,87.89
C041,2025-02-24 17:30:00,233.98
C041,2025-02-24 18:00:00,21.47
C025,2025-02-24 18:30:00,65.33
C050,2025-02-24 19:00:00,210.85
C010,2025-02-24 19:30:00,36.25
C021,2025-02-24 20:00:00,201.39
C036,2025-02-24 20:30:00,239.63
C012,2025-02-24 21:00:00,228.38
C027,2025-02-24 21:30:00,435.24
C040,2025-02-24 22:00:00,267.38
C002,2025-02-24 22:30:00,236.65
C013,2025-02-24 23:00:00,208.3
C032,2025-02-24 23:30:00,409.72
C031,2025-02-25 00:00:00,448.05
C016,2025-02-25 00:30:00,427.36
C032,2025-02-25 01:00:00,338.41
C032,2025-02-25 01:30:00,72.99
C034,2025-02-25 02:00:00,142.05
C011,2025-02-25 02:30:00,27.8
C010,2025-02-25 03:00:00,465.76
C015,2025-02-25 03:30:00,332.1
C017,2025-02-25 04:00:00,374.45
C040,2025-02-25 04:30:00,159.23
C018,2025-02-25 05:00:00,423.6
C009,2025-02-25 05:30:00,133.5
C025,2025-02-25 06:00:00,5.81
C040,2025-02-25 06:30:00,191.33
C014,2025-02-25 07:00:00,287.53
C025,2025-02-25 07:30:00,241.96
C050,2025-02-25 08:00:00,431.73
C022,2025-02-25 08:30:00,57.18
C030,2025-02-25 09:00:00,279.14
C020,2025-02-25 09:30:00,258.92
C021,2025-02-25 10:00:00,144.29
C044,2025-02-25 10:30:00,412.0
C032,2025-02-25 11:00:00,377.66
C046,2025-02-25 11:30:00,367.77
C049,2025-02-25 12:00:00,438.72
C021,2025-02-25 12:30:00,362.78
C035,2025-02-25 13:00:00,119.76
C032,2025-02-25 13:30:00,354.25
C030,2025-02-25 14:00:00,157.31
C039,2025-02-25 14:30:00,124.88
C049,2025-02-25 15:00:00,41.14
C012,2025-02-25 15:30:00,373.29
C041,2025-02-25 16:00:00,356.95
C047,2025-02-25 16:30:00,121.08
C018,2025-02-25 17:00:00,375.94
C021,2025-02-25 17:30:00,459.33
C013,2025-02-25 18:00:00,58.47
C021,2025-02-25 18:30:00,120.16
C008,2025-02-25 19:00:00,376.38
C046,2025-02-25 19:30:00,140.88
C040,2025-02-25 20:00:00,314.21
C046,2025-02-25 20:30:00,45.18
C007,2025-02-25 21:00:00,228.84
C023,2025-02-25 21:30:00,370.85
C044,2025-02-25 22:00:00,344.82
C032,2025-02-25 22:30:00,408.46
C011,2025-02-25 23:00:00,439.34
C022,2025-02-25 23:30:00,387.73
C022,2025-02-26 00:00:00,337.44
C043,2025-02-26 00:30:00,20.7
C025,2025-02-26 01:00:00,269.81
C022,2025-02-26 01:30:00,23.66
C028,2025-02-26 02:00:00,404.99
C029,2025-02-26 02:30:00,163.76
C013,2025-02-26 03:00:00,283.4
C018,2025-02-26 03:30:00,143.33
C002,2025-02-26 04:00:00,392.34
C029,2025-02-26 04:30:00,443.82
C021,2025-02-26 05:00:00,202.33
C015,2025-02-26 05:30:00,432.15
C027,2025-02-26 06:00:00,137.2
C050,2025-02-26 06:30:00,269.66
C031,2025-02-26 07:00:00,430.09
C015,2025-02-26 07:30:00,166.31
C023,2025-02-26 08:00:00,477.25
C024,2025-02-26 08:30:00,65.33
C044,2025-02-26 09:00:00,14.05
C013,2025-02-26 09:30:00,452.55
C022,2025-02-26 10:00:00,38.98
C043,2025-02-26 10:30:00,495.99
C037,2025-02-26 11:00:00,475.94
C033,2025-02-26 11:30:00,72.83
C003,2025-02-26 12:00:00,271.1
C019,2025-02-26 12:30:00,96.54
C023,2025-02-26 13:00:00,216.94
C029,2025-02-26 13:30:00,35.41
C030,2025-02-26 14:00:00,115.84
C039,2025-02-26 14:30:00,184.82
C044,2025-02-26 15:00:00,222.13
C047,2025-02-26 15:30:00,488.86
C025,2025-02-26 16:00:00,404.89
C037,2025-02-26 16:30:00,370.02
C047,2025-02-26 17:00:00,270.84
C008,2025-02-26 17:30:00,420.8
C042,2025-02-26 18:00:00,172.96
C016,2025-02-26 18:30:00,355.91
C008,2025-02-26 19:00:00,496.92
C001,2025-02-26 19:30:00,160.74
C044,2025-02-26 20:00:00,338.64
C005,2025-02-26 20:30:00,422.94
C003,2025-02-26 21:00:00,458.32
C001,2025-02-26 21:30:00,360.38
C004,2025-02-26 22:00:00,145.39
C040,2025-02-26 22:30:00,166.51
C035,2025-02-26 23:00:00,15.28
C032,2025-02-26 23:30:00,381.64
C042,2025-02-27 00:00:00,26.16
C034,2025-02-27 00:30:00,433.0
C043,2025-02-27 01:00:00,63.74
C025,2025-02-27 01:30:00,90.08
C010,2025-02-27 02:00:00,240.88
C021,2025-02-27 02:30:00,370.25
C046,2025-02-27 03:00:00,73.81
C039,2025-02-27 03:30:00,222.84
C027,2025-02-27 04:00:00,244.01
C027,2025-02-27 04:30:00,110.08
C002,2025-02-27 05:00:00,62.2
C041,2025-02-27 05:30:00,419.03
C048,2025-02-27 06:00:00,253.72
C013,2025-02-27 06:30:00,12.12
C009,2025-02-27 07:00:00,402.48
C036,2025-02-27 07:30:00,490.49
C022,2025-02-27 08:00:00,304.93
C042,2025-02-27 08:30:00,254.34
C026,2025-02-27 09:00:00,439.82
C012,2025-02-27 09:30:00,476.5
C017,2025-02-27 10:00:00,378.5
C014,2025-02-27 10:30:00,225.5
C014,2025-02-27 11:00:00,298.15
C034,2025-02-27 11:30:00,351.96
C020,2025-02-27 12:00:00,101.17
C011,2025-02-27 12:30:00,226.36
C016,2025-02-27 13:00:00,415.76
C031,2025-02-27 13:30:00,329.09
C006,2025-02-27 14:00:00,208.55
C019,2025-02-27 14:30:00,333.36
C037,2025-02-27 15:00:00,63.52
C004,2025-02-27 15:30:00,203.74
C047,2025-02-27 16:00:00,397.6
C004,2025-02-27 16:30:00,114.15
C020,2025-02-27 17:00:00,97.05
C010,2025-02-27 17:30:00,475.66
C024,2025-02-27 18:00:00,108.9
C035,2025-02-27 18:30:00,134.15
C026,2025-02-27 19:00:00,484.96
C037,2025-02-27 19:30:00,368.68
C038,2025-02-27 20:00:00,351.3
C021,2025-02-27 20:30:00,427.2
C040,2025-02-27 21:00:00,62.33
C039,2025-02-27 21:30:00,354.45
C021,2025-02-27 22:00:00,254.33
C010,2025-02-27 22:30:00,415.43
C038,2025-02-27 23:00:00,256.53
C046,2025-02-27 23:30:00,312.02
C004,2025-02-28 00:00:00,241.48
C045,2025-02-28 00:30:00,241.69
C020,2025-02-28 01:00:00,385.15
C017,2025-02-28 01:30:00,316.14
C007,2025-02-28 02:00:00,318.47
C004,2025-02-28 02:30:00,227.89
C029,2025-02-28 03:00:00,267.9
C014,2025-02-28 03:30:00,374.13
C003,2025-02-28 04:00:00,413.84
C024,2025-02-28 04:30:00,349.8
C037,2025-02-28 05:00:00,462.42
C016,2025-02-28 05:30:00,411.06
C004,2025-02-28 06:00:00,283.12
C024,2025-02-28 06:30:00,337.35
C034,2025-02-28 07:00:00,463.52
C030,2025-02-28 07:30:00,311.49
C018,2025-02-28 08:00:00,413.28
C019,2025-02-28 08:30:00,345.96
C031,2025-02-28 09:00:00,278.21
C019,2025-02-28 09:30:00,124.71
C049,2025-02-28 10:00:00,215.87
C046,2025-02-28 10:30:00,484.03
C019,2025-02-28 11:00:00,330.59
C022,2025-02-28 11:30:00,284.38
C024,2025-02-28 12:00:00,466.81
C045,2025-02-28 12:30:00,295.32
C012,2025-02-28 13:00:00,265.41
C030,2025-02-28 13:30:00,380.86
C038,2025-02-28 14:00:00,357.77
C031,2025-02-28 14:30:00,100.61
C036,2025-02-28 15:00:00,238.3
C019,2025-02-28 15:30:00,238.9
C048,2025-02-28 16:00:00,192.22
C045,2025-02-28 16:30:00,261.06
C036,2025-02-28 17:00:00,209.49
C030,2025-02-28 17:30:00,103.68
C049,2025-02-28 18:00:00,209.12
C033,2025-02-28 18:30:00,40.78
C018,2025-02-28 19:00:00,290.01
C049,2025-02-28 19:30:00,427.56
C028,2025-02-28 20:00:00,364.02
C047,2025-02-28 20:30:00,183.4
C011,2025-02-28 21:00:00,48.1
C045,2025-02-28 21:30:00,105.06
C033,2025-02-28 22:00:00,275.02
C017,2025-02-28 22:30:00,107.49
C006,2025-02-28 23:00:00,274.27
C004,2025-02-28 23:30:00,119.64
C020,2025-03-01 00:00:00,425.22
C048,2025-03-01 00:30:00,201.65
C047,2025-03-01 01:00:00,126.55
C027,2025-03-01 01:30:00,407.1
C015,2025-03-01 02:00:00,174.71
C006,2025-03-01 02:30:00,60.19
C047,2025-03-01 03:00:00,287.35
C014,2025-03-01 03:30:00,292.87
C011,2025-03-01 04:00:00,358.77
C039,2025-03-01 04:30:00,123.91
C009,2025-03-01 05:00:00,224.67
C026,2025-03-01 05:30:00,144.77
C016,2025-03-01 06:00:00,45.07
C005,2025-03-01 06:30:00,438.92
C010,2025-03-01 07:00:00,365.79
C050,2025-03-01 07:30:00,154.22
C003,2025-03-01 08:00:00,301.69
C013,2025-03-01 08:30:00,104.63
C043,2025-03-01 09:00:00,445.67
C049,2025-03-01 09:30:00,61.88
C030,2025-03-01 10:00:00,6.9
C045,2025-03-01 10:30:00,253.49
C006,2025-03-01 11:00:00,293.65
C017,2025-03-01 11:30:00,291.59
C045,2025-03-01 12:00:00,31.98
C019,2025-03-01 12:30:00,160.45
C042,2025-03-01 13:00:00,252.1
C035,2025-03-01 13:30:00,112.21
C046,2025-03-01 14:00:00,436.95
C026,2025-03-01 14:30:00,48.12
C005,2025-03-01 15:00:00,246.26
C029,2025-03-01 15:30:00,347.25
C037,2025-03-01 16:00:00,134.57
C020,2025-03-01 16:30:00,314.0
C049,2025-03-01 17:00:00,415.55
C021,2025-03-01 17:30:00,99.22
C010,2025-03-01 18:00:00,459.02
C005,2025-03-01 18:30:00,279.01
C036,2025-03-01 19:00:00,153.12
C006,2025-03-01 19:30:00,218.27
C026,2025-03-01 20:00:00,159.53
C004,2025-03-01 20:30:00,363.93
C039,2025-03-01 21:00:00,399.17
C039,2025-03-01 21:30:00,417.3
C050,2025-03-01 22:00:00,492.96
C035,2025-03-01 22:30:00,396.69
C001,2025-03-01 23:00:00,302.69
C024,2025-03-01 23:30:00,172.91
C036,2025-03-02 00:00:00,274.57
C006,2025-03-02 00:30:00,25.33
C041,2025-03-02 01:00:00,373.69
C046,2025-03-02 01:30:00,225.75
C044,2025-03-02 02:00:00,14.91
C031,2025-03-02 02:30:00,35.94
C020,2025-03-02 03:00:00,196.8
C024,2025-03-02 03:30:00,293.79
C025,2025-03-02 04:00:00,234.78
C036,2025-03-02 04:30:00,311.51
C021,2025-03-02 05:00:00,242.75
C030,2025-03-02 05:30:00,332.54
C024,2025-03-02 06:00:00,113.47
C044,2025-03-02 06:30:00,60.86
C042,2025-03-02 07:00:00,300.23
C030,2025-03-02 07:30:00,244.92
C022,2025-03-02 08:00:00,18.3
C028,2025-03-02 08:30:00,193.34
C007,2025-03-02 09:00:00,57.53
C035,2025-03-02 09:30:00,268.02
C028,2025-03-02 10:00:00,200.91
C014,2025-03-02 10:30:00,308.51
C010,2025-03-02 11:00:00,403.77
C016,2025-03-02 11:30:00,153.34
C016,2025-03-02 12:00:00,481.24
C031,2025-03-02 12:30:00,270.14
C042,2025-03-02 13:00:00,311.05
C025,2025-03-02 13:30:00,341.93
C013,2025-03-02 14:00:00,335.03
C006,2025-03-02 14:30:00,257.93
C044,2025-03-02 15:00:00,217.24
C009,2025-03-02 15:30:00,31.62
C045,2025-03-02 16:00:00,15.93
C036,2025-03-02 16:30:00,182.19
C043,2025-03-02 17:00:00,170.16
C020,2025-03-02 17:30:00,196.91
C018,2025-03-02 18:00:00,73.49
C043,2025-03-02 18:30:00,370.39
C021,2025-03-02 19:00:00,429.2
C004,2025-03-02 19:30:00,469.66
C050,2025-03-02 20:00:00,248.72
C033,2025-03-02 20:30:00,351.93
C027,2025-03-02 21:00:00,428.5
C007,2025-03-02 21:30:00,212.05
C006,2025-03-02 22:00:00,158.16
C015,2025-03-02 22:30:00,468.68
C018,2025-03-02 23:00:00,260.26
C032,2025-03-02 23:30:00,251.14
C011,2025-03-03 00:00:00,93.32
C020,2025-03-03 00:30:00,58.54
C024,2025-03-03 01:00:00,421.84
C015,2025-03-03 01:30:00,309.0
C048,2025-03-03 02:00:00,166.28
C007,2025-03-03 02:30:00,99.91
C021,2025-03-03 03:00:00,279.97
C042,2025-03-03 03:30:00,294.04
C026,2025-03-03 04:00:00,107.46
C044,2025-03-03 04:30:00,426.45
C014,2025-03-03 05:00:00,46.71
C037,2025-03-03 05:30:00,181.27
C021,2025-03-03 06:00:00,341.79
C018,2025-03-03 06:30:00,140.69
C005,2025-03-03 07:00:00,414.7
C003,2025-03-03 07:30:00,371.23
C023,2025-03-03 08:00:00,395.57
C026,2025-03-03 08:30:00,63.96
C037,2025-03-03 09:00:00,74.57
C024,2025-03-03 09:30:00,146.8
C049,2025-03-03 10:00:00,261.45
C019,2025-03-03 10:30:00,375.27
C025,2025-03-03 11:00:00,419.08
C021,2025-03-03 11:30:00,353.65
C012,2025-03-03 12:00:00,464.66
C041,2025-03-03 12:30:00,370.68
C033,2025-03-03 13:00:00,156.6
C050,2025-03-03 13:30:00,136.22
C004,2025-03-03 14:00:00,349.62
C042,2025-03-03 14:30:00,100.47
C007,2025-03-03 15:00:00,50.89
C022,2025-03-03 15:30:00,268.45
C033,2025-03-03 16:00:00,411.71
C017,2025-03-03 16:30:00,55.18
C024,2025-03-03 17:00:00,396.99
C034,2025-03-03 17:30:00,406.73
C028,2025-03-03 18:00:00,243.73
C043,2025-03-03 18:30:00,33.37
C041,2025-03-03 19:00:00,91.42
C039,2025-03-03 19:30:00,355.18
C022,2025-03-03 20:00:00,357.33
C049,2025-03-03 20:30:00,449.69
C017,2025-03-03 21:00:00,293.43
C034,2025-03-03 21:30:00,66.43
C006,2025-03-03 22:00:00,65.1
C046,2025-03-03 22:30:00,361.96
C006,2025-03-03 23:00:00,95.97
C034,2025-03-03 23:30:00,167.55
C001,2025-03-04 00:00:00,246.17
C010,2025-03-04 00:30:00,17.26
C021,2025-03-04 01:00:00,128.17
C005,2025-03-04 01:30:00,206.91
C002,2025-03-04 02:00:00,143.42
C022,2025-03-04 02:30:00,72.5
C048,2025-03-04 03:00:00,365.37
C002,2025-03-04 03:30:00,407.51
C010,2025-03-04 04:00:00,132.45
C034,2025-03-04 04:30:00,388.34
C016,2025-03-04 05:00:00,195.85
C048,2025-03-04 05:30:00,255.81
C039,2025-03-04 06:00:00,428.72
C022,2025-03-04 06:30:00,376.23
C012,2025-03-04 07:00:00,403.53
C024,2025-03-04 07:30:00,72.74
C047,2025-03-04 08:00:00,39.51
C040,2025-03-04 08:30:00,447.24
C038,2025-03-04 09:00:00,196.98
C010,2025-03-04 09:30:00,147.5
C035,2025-03-04 10:00:00,363.72
C049,2025-03-04 10:30:00,419.03
C032,2025-03-04 11:00:00,431.93
C007,2025-03-04 11:30:00,161.42
