timestamp,sensor_id,temperature,humidity
2025-10-30 08:00:00,S1,22.51,46.67
2025-10-30 08:05:00,S1,22.13,43.08
2025-10-30 08:10:00,S1,22.63,43.77
2025-10-30 08:15:00,S1,22.2,44.36
2025-10-30 08:20:00,S1,22.66,47.45
2025-10-30 08:25:00,S1,22.19,44.91
2025-10-30 08:30:00,S1,21.83,46.3
2025-10-30 08:35:00,S1,21.5,44.4
2025-10-30 08:40:00,S1,22.1,44.53
2025-10-30 08:45:00,S1,22.36,45.02
2025-10-30 08:50:00,S1,22.24,46.8
2025-10-30 08:55:00,S1,21.7,45.31
2025-10-30 09:00:00,S1,22.94,47.02
2025-10-30 09:05:00,S1,22.38,48.48
2025-10-30 09:10:00,S1,22.41,44.61
2025-10-30 09:15:00,S1,23.0,47.37
2025-10-30 09:20:00,S1,22.22,42.7
2025-10-30 09:25:00,S1,22.32,48.46
2025-10-30 09:30:00,S1,22.71,45.55
2025-10-30 09:35:00,S1,21.68,45.41
2025-10-30 09:40:00,S1,22.13,45.29
2025-10-30 09:45:00,S1,22.36,44.15
2025-10-30 09:50:00,S1,22.61,48.8
2025-10-30 09:55:00,S1,22.18,46.83
2025-10-30 10:00:00,S1,22.51,45.01
2025-10-30 10:05:00,S1,21.58,48.89
2025-10-30 10:10:00,S1,22.45,46.72
2025-10-30 10:15:00,S1,22.33,45.88
2025-10-30 10:20:00,S1,22.67,44.04
2025-10-30 10:25:00,S1,22.57,44.5
2025-10-30 10:30:00,S1,22.62,46.27
2025-10-30 10:35:00,S1,22.79,47.7
2025-10-30 10:40:00,S1,21.88,46.14
2025-10-30 10:45:00,S1,23.21,47.25
2025-10-30 10:50:00,S1,22.57,47.53
2025-10-30 10:55:00,S1,22.73,45.94
2025-10-30 11:00:00,S1,21.95,43.46
2025-10-30 11:05:00,S1,22.04,44.4
2025-10-30 11:10:00,S1,22.11,47.74
2025-10-30 11:15:00,S1,22.67,45.97
2025-10-30 11:20:00,S1,21.75,45.75
2025-10-30 11:25:00,S1,23.28,45.33
2025-10-30 11:30:00,S1,22.78,43.35
2025-10-30 11:35:00,S1,21.89,45.31
2025-10-30 11:40:00,S1,21.96,45.77
2025-10-30 11:45:00,S1,22.8,43.02
2025-10-30 11:50:00,S1,22.37,47.11
2025-10-30 11:55:00,S1,22.47,42.98
2025-10-30 12:00:00,S1,22.73,44.86
2025-10-30 12:05:00,S1,22.31,46.51
2025-10-30 12:10:00,S1,23.25,48.91
2025-10-30 12:15:00,S1,21.29,43.58
2025-10-30 12:20:00,S1,22.84,46.56
2025-10-30 12:25:00,S1,22.83,50.14
2025-10-30 12:30:00,S1,21.34,45.96
2025-10-30 12:35:00,S1,22.33,43.76
2025-10-30 12:40:00,S1,21.73,47.97
2025-10-30 12:45:00,S1,21.97,46.69
2025-10-30 12:50:00,S1,22.2,47.03
2025-10-30 12:55:00,S1,22.17,46.48
2025-10-30 13:00:00,S1,22.26,44.31
2025-10-30 13:05:00,S1,22.03,47.37
2025-10-30 13:10:00,S1,21.94,43.78
2025-10-30 13:15:00,S1,21.93,47.68
2025-10-30 13:20:00,S1,22.41,45.61
2025-10-30 13:25:00,S1,22.43,44.23
2025-10-30 13:30:00,S1,21.8,44.52
2025-10-30 13:35:00,S1,22.79,45.11
2025-10-30 13:40:00,S1,21.97,45.24
2025-10-30 13:45:00,S1,22.03,45.75
2025-10-30 13:50:00,S1,23.13,45.62
2025-10-30 13:55:00,S1,22.52,45.99
2025-10-30 14:00:00,S1,22.24,46.18
2025-10-30 14:05:00,S1,22.99,45.53
2025-10-30 14:10:00,S1,22.55,46.11
2025-10-30 14:15:00,S1,22.62,46.66
2025-10-30 14:20:00,S1,22.16,46.61
2025-10-30 14:25:00,S1,23.04,44.9
2025-10-30 14:30:00,S1,22.1,43.54
2025-10-30 14:35:00,S1,23.55,46.4
2025-10-30 14:40:00,S1,23.6,45.97
2025-10-30 14:45:00,S1,22.47,44.99
2025-10-30 14:50:00,S1,22.88,44.49
2025-10-30 14:55:00,S1,21.94,44.07
2025-10-30 15:00:00,S1,22.63,46.24
2025-10-30 15:05:00,S1,21.66,45.69
2025-10-30 15:10:00,S1,22.39,45.12
2025-10-30 15:15:00,S1,21.41,43.85
2025-10-30 15:20:00,S1,23.33,46.06
2025-10-30 15:25:00,S1,22.62,46.93
2025-10-30 15:30:00,S1,21.68,49.37
2025-10-30 15:35:00,S1,22.18,47.06
2025-10-30 15:40:00,S1,22.49,43.94
2025-10-30 15:45:00,S1,21.42,47.06
2025-10-30 15:50:00,S1,23.53,47.26
2025-10-30 15:55:00,S1,22.5,47.13
2025-10-30 16:00:00,S1,22.42,47.25
2025-10-30 16:05:00,S1,21.99,45.48
2025-10-30 16:10:00,S1,21.57,45.32
2025-10-30 16:15:00,S1,22.47,45.49
2025-10-30 16:20:00,S1,22.34,46.18
2025-10-30 16:25:00,S1,22.27,46.63
2025-10-30 16:30:00,S1,22.21,46.74
2025-10-30 16:35:00,S1,22.32,45.92
2025-10-30 16:40:00,S1,22.5,46.91
2025-10-30 16:45:00,S1,22.42,45.34
2025-10-30 16:50:00,S1,22.23,42.23
2025-10-30 16:55:00,S1,22.6,46.6
2025-10-30 17:00:00,S1,21.85,46.01
2025-10-30 17:05:00,S1,22.83,46.53
2025-10-30 17:10:00,S1,22.79,45.52
2025-10-30 17:15:00,S1,22.94,44.1
2025-10-30 17:20:00,S1,23.41,46.96
2025-10-30 17:25:00,S1,22.97,45.46
2025-10-30 17:30:00,S1,22.29,44.09
2025-10-30 17:35:00,S1,22.65,46.66
2025-10-30 17:40:00,S1,22.59,44.1
2025-10-30 17:45:00,S1,22.08,46.34
2025-10-30 17:50:00,S1,21.52,47.16
2025-10-30 17:55:00,S1,22.89,43.65
2025-10-30 18:00:00,S1,21.94,44.02
2025-10-30 18:05:00,S1,21.92,44.41
2025-10-30 18:10:00,S1,21.83,46.42
2025-10-30 18:15:00,S1,23.34,46.4
2025-10-30 18:20:00,S1,21.99,47.77
2025-10-30 18:25:00,S1,22.35,47.92
2025-10-30 18:30:00,S1,21.88,46.12
2025-10-30 18:35:00,S1,22.03,44.58
2025-10-30 18:40:00,S1,22.43,44.5
2025-10-30 18:45:00,S1,22.21,45.97
2025-10-30 18:50:00,S1,21.31,47.18
2025-10-30 18:55:00,S1,20.94,47.47
2025-10-30 19:00:00,S1,23.13,46.24
2025-10-30 19:05:00,S1,22.6,47.07
2025-10-30 19:10:00,S1,22.15,45.38
2025-10-30 19:15:00,S1,21.61,44.8
2025-10-30 19:20:00,S1,21.59,43.72
2025-10-30 19:25:00,S1,21.9,45.16
2025-10-30 19:30:00,S1,21.73,46.4
2025-10-30 19:35:00,S1,21.71,46.52
2025-10-30 19:40:00,S1,21.63,43.8
2025-10-30 19:45:00,S1,21.63,46.64
2025-10-30 19:50:00,S1,22.45,48.58
2025-10-30 19:55:00,S1,22.33,46.73
2025-10-30 20:00:00,S1,21.17,44.16
2025-10-30 20:05:00,S1,21.92,46.19
2025-10-30 20:10:00,S1,21.69,46.34
2025-10-30 20:15:00,S1,22.15,44.39
2025-10-30 20:20:00,S1,22.45,46.7
2025-10-30 20:25:00,S1,21.8,46.64
2025-10-30 20:30:00,S1,22.36,45.37
2025-10-30 20:35:00,S1,20.93,43.06
2025-10-30 20:40:00,S1,21.96,48.47
2025-10-30 20:45:00,S1,21.83,45.81
2025-10-30 20:50:00,S1,22.64,46.7
2025-10-30 20:55:00,S1,22.9,47.79
2025-10-30 21:00:00,S1,22.71,47.64
2025-10-30 21:05:00,S1,21.69,47.04
2025-10-30 21:10:00,S1,21.05,46.24
2025-10-30 21:15:00,S1,21.99,45.02
2025-10-30 21:20:00,S1,22.68,44.4
2025-10-30 21:25:00,S1,22.64,44.81
2025-10-30 21:30:00,S1,21.97,46.0
2025-10-30 21:35:00,S1,22.12,45.09
2025-10-30 21:40:00,S1,22.08,46.83
2025-10-30 21:45:00,S1,22.31,45.44
2025-10-30 21:50:00,S1,21.55,44.87
2025-10-30 21:55:00,S1,23.24,48.76
2025-10-30 22:00:00,S1,23.11,47.37
2025-10-30 22:05:00,S1,22.82,45.01
2025-10-30 22:10:00,S1,21.99,48.09
2025-10-30 22:15:00,S1,21.97,47.14
2025-10-30 22:20:00,S1,22.55,46.36
2025-10-30 22:25:00,S1,22.03,45.1
2025-10-30 22:30:00,S1,22.34,46.91
2025-10-30 22:35:00,S1,22.56,46.02
2025-10-30 22:40:00,S1,21.87,46.22
2025-10-30 22:45:00,S1,21.42,47.6
2025-10-30 22:50:00,S1,22.01,46.49
2025-10-30 22:55:00,S1,22.16,45.95
2025-10-30 23:00:00,S1,22.03,46.16
2025-10-30 23:05:00,S1,22.26,47.65
2025-10-30 23:10:00,S1,22.85,45.45
2025-10-30 23:15:00,S1,23.66,45.95
2025-10-30 23:20:00,S1,22.0,44.32
2025-10-30 23:25:00,S1,22.99,47.55
2025-10-30 23:30:00,S1,21.58,47.15
2025-10-30 23:35:00,S1,22.53,48.39
2025-10-30 23:40:00,S1,21.84,44.87
2025-10-30 23:45:00,S1,22.95,46.12
2025-10-30 23:50:00,S1,21.75,45.06
2025-10-30 23:55:00,S1,20.64,48.99
2025-10-31 00:00:00,S1,23.02,43.45
2025-10-31 00:05:00,S1,23.11,46.11
2025-10-31 00:10:00,S1,22.89,44.57
2025-10-31 00:15:00,S1,23.43,48.75
2025-10-31 00:20:00,S1,22.34,47.21
2025-10-31 00:25:00,S1,21.95,44.97
2025-10-31 00:30:00,S1,22.5,47.31
2025-10-31 00:35:00,S1,21.56,46.55
2025-10-31 00:40:00,S1,22.35,46.47
2025-10-31 00:45:00,S1,21.83,44.66
2025-10-31 00:50:00,S1,22.45,46.88
2025-10-31 00:55:00,S1,22.46,47.08
2025-10-31 01:00:00,S1,23.05,48.2
2025-10-31 01:05:00,S1,22.43,44.95
2025-10-31 01:10:00,S1,22.33,45.67
2025-10-31 01:15:00,S1,21.42,45.19
2025-10-31 01:20:00,S1,22.21,45.27
2025-10-31 01:25:00,S1,21.92,45.85
2025-10-31 01:30:00,S1,23.15,45.18
2025-10-31 01:35:00,S1,21.91,47.73
2025-10-31 01:40:00,S1,22.16,45.39
2025-10-31 01:45:00,S1,21.92,46.2
2025-10-31 01:50:00,S1,22.04,45.88
2025-10-31 01:55:00,S1,22.76,45.12
2025-10-31 02:00:00,S1,21.95,43.39
2025-10-31 02:05:00,S1,22.08,45.91
2025-10-31 02:10:00,S1,21.67,48.88
2025-10-31 02:15:00,S1,22.25,44.89
2025-10-31 02:20:00,S1,22.57,45.6
2025-10-31 02:25:00,S1,22.83,44.0
2025-10-31 02:30:00,S1,22.46,46.52
2025-10-31 02:35:00,S1,21.77,47.79
2025-10-31 02:40:00,S1,23.28,46.56
2025-10-31 02:45:00,S1,22.67,45.43
2025-10-31 02:50:00,S1,22.05,47.84
2025-10-31 02:55:00,S1,22.21,43.29
2025-10-31 03:00:00,S1,22.74,47.48
2025-10-31 03:05:00,S1,22.47,44.58
2025-10-31 03:10:00,S1,21.72,46.51
2025-10-31 03:15:00,S1,22.81,45.97
2025-10-31 03:20:00,S1,21.45,44.74
2025-10-31 03:25:00,S1,22.92,46.65
2025-10-31 03:30:00,S1,22.78,48.87
2025-10-31 03:35:00,S1,21.5,49.04
2025-10-31 03:40:00,S1,22.45,46.14
2025-10-31 03:45:00,S1,22.68,47.99
2025-10-31 03:50:00,S1,23.11,46.19
2025-10-31 03:55:00,S1,22.51,47.86
2025-10-31 04:00:00,S1,22.95,43.18
2025-10-31 04:05:00,S1,22.88,47.24
2025-10-31 04:10:00,S1,22.3,45.35
2025-10-31 04:15:00,S1,21.72,45.86
2025-10-31 04:20:00,S1,22.05,46.84
2025-10-31 04:25:00,S1,22.47,45.02
2025-10-31 04:30:00,S1,22.13,47.87
2025-10-31 04:35:00,S1,21.96,46.34
2025-10-31 04:40:00,S1,22.93,44.95
2025-10-31 04:45:00,S1,22.17,44.75
2025-10-30 08:00:00,S2,22.99,46.09
2025-10-30 08:05:00,S2,22.47,44.42
2025-10-30 08:10:00,S2,22.86,49.36
2025-10-30 08:15:00,S2,22.77,47.32
2025-10-30 08:20:00,S2,21.76,43.31
2025-10-30 08:25:00,S2,23.55,44.96
2025-10-30 08:30:00,S2,22.46,46.38
2025-10-30 08:35:00,S2,23.1,46.22
2025-10-30 08:40:00,S2,23.02,46.06
2025-10-30 08:45:00,S2,22.38,47.28
2025-10-30 08:50:00,S2,22.34,46.13
2025-10-30 08:55:00,S2,22.63,49.75
2025-10-30 09:00:00,S2,22.67,47.54
2025-10-30 09:05:00,S2,22.72,44.67
2025-10-30 09:10:00,S2,22.51,47.57
2025-10-30 09:15:00,S2,22.52,47.85
2025-10-30 09:20:00,S2,23.73,45.88
2025-10-30 09:25:00,S2,22.0,44.7
2025-10-30 09:30:00,S2,22.77,46.06
2025-10-30 09:35:00,S2,22.65,48.68
2025-10-30 09:40:00,S2,21.65,44.94
2025-10-30 09:45:00,S2,22.29,44.63
2025-10-30 09:50:00,S2,22.7,47.2
2025-10-30 09:55:00,S2,22.1,47.68
2025-10-30 10:00:00,S2,22.69,45.92
2025-10-30 10:05:00,S2,22.83,44.89
2025-10-30 10:10:00,S2,22.27,47.91
2025-10-30 10:15:00,S2,22.03,49.2
2025-10-30 10:20:00,S2,22.87,46.33
2025-10-30 10:25:00,S2,22.44,48.67
2025-10-30 10:30:00,S2,22.87,46.14
2025-10-30 10:35:00,S2,22.38,46.88
2025-10-30 10:40:00,S2,22.2,46.48
2025-10-30 10:45:00,S2,23.0,45.79
2025-10-30 10:50:00,S2,21.27,47.2
2025-10-30 10:55:00,S2,22.7,46.52
2025-10-30 11:00:00,S2,22.77,46.91
2025-10-30 11:05:00,S2,22.8,51.22
2025-10-30 11:10:00,S2,23.74,47.48
2025-10-30 11:15:00,S2,22.12,43.29
2025-10-30 11:20:00,S2,22.41,47.34
2025-10-30 11:25:00,S2,22.78,45.93
2025-10-30 11:30:00,S2,23.74,45.93
2025-10-30 11:35:00,S2,22.9,47.51
2025-10-30 11:40:00,S2,22.73,47.04
2025-10-30 11:45:00,S2,22.38,46.26
2025-10-30 11:50:00,S2,21.26,47.21
2025-10-30 11:55:00,S2,22.66,46.83
2025-10-30 12:00:00,S2,23.04,47.62
2025-10-30 12:05:00,S2,22.44,45.63
2025-10-30 12:10:00,S2,22.23,45.33
2025-10-30 12:15:00,S2,23.28,46.47
2025-10-30 12:20:00,S2,21.77,47.57
2025-10-30 12:25:00,S2,21.5,46.88
2025-10-30 12:30:00,S2,23.05,46.55
2025-10-30 12:35:00,S2,22.04,45.68
2025-10-30 12:40:00,S2,22.67,46.59
2025-10-30 12:45:00,S2,23.0,47.16
2025-10-30 12:50:00,S2,21.96,50.18
2025-10-30 12:55:00,S2,22.32,46.55
2025-10-30 13:00:00,S2,22.76,46.06
2025-10-30 13:05:00,S2,22.05,47.04
2025-10-30 13:10:00,S2,22.58,47.67
2025-10-30 13:15:00,S2,23.2,47.11
2025-10-30 13:20:00,S2,22.44,47.75
2025-10-30 13:25:00,S2,22.25,44.93
2025-10-30 13:30:00,S2,22.79,47.94
2025-10-30 13:35:00,S2,22.1,47.46
2025-10-30 13:40:00,S2,22.67,45.56
2025-10-30 13:45:00,S2,22.01,48.55
2025-10-30 13:50:00,S2,22.29,45.96
2025-10-30 13:55:00,S2,23.01,45.13
2025-10-30 14:00:00,S2,23.46,45.4
2025-10-30 14:05:00,S2,22.65,48.26
2025-10-30 14:10:00,S2,22.55,47.03
2025-10-30 14:15:00,S2,22.57,49.73
2025-10-30 14:20:00,S2,23.36,46.7
2025-10-30 14:25:00,S2,21.55,46.89
2025-10-30 14:30:00,S2,22.68,47.61
2025-10-30 14:35:00,S2,23.27,49.66
2025-10-30 14:40:00,S2,23.13,48.22
2025-10-30 14:45:00,S2,22.51,46.62
2025-10-30 14:50:00,S2,23.27,46.6
2025-10-30 14:55:00,S2,22.29,47.7
2025-10-30 15:00:00,S2,22.36,48.06
2025-10-30 15:05:00,S2,22.99,46.54
2025-10-30 15:10:00,S2,21.73,44.86
2025-10-30 15:15:00,S2,23.28,44.66
2025-10-30 15:20:00,S2,21.91,48.33
2025-10-30 15:25:00,S2,23.06,47.33
2025-10-30 15:30:00,S2,23.31,47.49
2025-10-30 15:35:00,S2,23.04,45.21
2025-10-30 15:40:00,S2,22.34,45.13
2025-10-30 15:45:00,S2,22.44,45.55
2025-10-30 15:50:00,S2,23.61,46.33
2025-10-30 15:55:00,S2,23.08,46.51
2025-10-30 16:00:00,S2,23.37,49.48
2025-10-30 16:05:00,S2,23.72,44.28
2025-10-30 16:10:00,S2,22.91,49.82
2025-10-30 16:15:00,S2,23.63,46.75
2025-10-30 16:20:00,S2,22.72,47.88
2025-10-30 16:25:00,S2,23.53,46.17
2025-10-30 16:30:00,S2,22.62,49.4
2025-10-30 16:35:00,S2,22.75,46.72
2025-10-30 16:40:00,S2,22.09,51.06
2025-10-30 16:45:00,S2,22.01,46.76
2025-10-30 16:50:00,S2,20.96,47.16
2025-10-30 16:55:00,S2,22.87,46.91
2025-10-30 17:00:00,S2,21.5,46.84
2025-10-30 17:05:00,S2,23.56,49.67
2025-10-30 17:10:00,S2,22.87,47.53
2025-10-30 17:15:00,S2,22.14,47.41
2025-10-30 17:20:00,S2,22.47,48.23
2025-10-30 17:25:00,S2,21.42,47.78
2025-10-30 17:30:00,S2,22.59,49.88
2025-10-30 17:35:00,S2,21.93,47.58
2025-10-30 17:40:00,S2,23.04,46.31
2025-10-30 17:45:00,S2,22.83,47.34
2025-10-30 17:50:00,S2,22.86,46.64
2025-10-30 17:55:00,S2,22.26,46.95
2025-10-30 18:00:00,S2,22.41,47.85
2025-10-30 18:05:00,S2,22.37,46.87
2025-10-30 18:10:00,S2,23.17,46.34
2025-10-30 18:15:00,S2,22.35,45.16
2025-10-30 18:20:00,S2,21.77,46.55
2025-10-30 18:25:00,S2,21.97,48.24
2025-10-30 18:30:00,S2,21.77,48.25
2025-10-30 18:35:00,S2,22.39,47.02
2025-10-30 18:40:00,S2,22.96,46.84
2025-10-30 18:45:00,S2,21.82,43.44
2025-10-30 18:50:00,S2,22.14,47.19
2025-10-30 18:55:00,S2,22.46,48.33
2025-10-30 19:00:00,S2,23.22,46.71
2025-10-30 19:05:00,S2,23.65,44.87
2025-10-30 19:10:00,S2,23.39,46.89
2025-10-30 19:15:00,S2,22.72,46.1
2025-10-30 19:20:00,S2,22.8,45.55
2025-10-30 19:25:00,S2,21.99,45.42
2025-10-30 19:30:00,S2,23.72,46.43
2025-10-30 19:35:00,S2,22.02,45.18
2025-10-30 19:40:00,S2,22.74,48.52
2025-10-30 19:45:00,S2,22.77,49.29
2025-10-30 19:50:00,S2,22.45,47.13
2025-10-30 19:55:00,S2,22.43,46.86
2025-10-30 20:00:00,S2,22.35,46.32
2025-10-30 20:05:00,S2,23.17,48.98
2025-10-30 20:10:00,S2,22.82,45.71
2025-10-30 20:15:00,S2,22.31,49.02
2025-10-30 20:20:00,S2,22.85,46.65
2025-10-30 20:25:00,S2,22.04,46.07
2025-10-30 20:30:00,S2,22.91,46.48
2025-10-30 20:35:00,S2,22.59,47.57
2025-10-30 20:40:00,S2,23.03,44.53
2025-10-30 20:45:00,S2,21.71,49.75
2025-10-30 20:50:00,S2,23.11,47.36
2025-10-30 20:55:00,S2,23.27,48.83
2025-10-30 21:00:00,S2,22.46,48.65
2025-10-30 21:05:00,S2,22.29,47.24
2025-10-30 21:10:00,S2,22.21,49.12
2025-10-30 21:15:00,S2,21.97,48.25
2025-10-30 21:20:00,S2,22.78,42.9
2025-10-30 21:25:00,S2,23.48,46.26
2025-10-30 21:30:00,S2,22.49,46.51
2025-10-30 21:35:00,S2,22.43,46.02
2025-10-30 21:40:00,S2,22.79,47.28
2025-10-30 21:45:00,S2,22.15,45.96
2025-10-30 21:50:00,S2,22.53,48.83
2025-10-30 21:55:00,S2,22.25,47.28
2025-10-30 22:00:00,S2,22.13,45.08
2025-10-30 22:05:00,S2,22.37,49.96
2025-10-30 22:10:00,S2,22.44,46.18
2025-10-30 22:15:00,S2,22.33,49.83
2025-10-30 22:20:00,S2,22.56,50.87
2025-10-30 22:25:00,S2,22.44,49.07
2025-10-30 22:30:00,S2,22.94,47.55
2025-10-30 22:35:00,S2,22.32,46.34
2025-10-30 22:40:00,S2,22.07,48.81
2025-10-30 22:45:00,S2,21.77,47.82
2025-10-30 22:50:00,S2,22.23,48.3
2025-10-30 22:55:00,S2,21.87,47.94
2025-10-30 23:00:00,S2,22.33,46.83
2025-10-30 23:05:00,S2,22.65,46.22
2025-10-30 23:10:00,S2,22.29,47.52
2025-10-30 23:15:00,S2,22.3,47.27
2025-10-30 23:20:00,S2,23.7,45.22
2025-10-30 23:25:00,S2,23.03,45.82
2025-10-30 23:30:00,S2,22.78,47.23
2025-10-30 23:35:00,S2,22.27,47.55
2025-10-30 23:40:00,S2,23.25,48.67
2025-10-30 23:45:00,S2,22.9,48.1
2025-10-30 23:50:00,S2,21.97,46.5
2025-10-30 23:55:00,S2,22.71,48.14
2025-10-31 00:00:00,S2,22.74,48.45
2025-10-31 00:05:00,S2,22.97,44.95
2025-10-31 00:10:00,S2,22.68,47.76
2025-10-31 00:15:00,S2,22.5,45.33
2025-10-31 00:20:00,S2,22.05,46.53
2025-10-31 00:25:00,S2,22.43,47.0
2025-10-31 00:30:00,S2,23.0,46.33
2025-10-31 00:35:00,S2,23.53,48.49
2025-10-31 00:40:00,S2,21.69,46.9
2025-10-31 00:45:00,S2,22.78,48.14
2025-10-31 00:50:00,S2,22.93,46.58
2025-10-31 00:55:00,S2,22.66,45.7
2025-10-31 01:00:00,S2,22.29,47.09
2025-10-31 01:05:00,S2,21.86,46.86
2025-10-31 01:10:00,S2,22.95,48.32
2025-10-31 01:15:00,S2,21.55,47.21
2025-10-31 01:20:00,S2,22.35,45.52
2025-10-31 01:25:00,S2,23.15,47.77
2025-10-31 01:30:00,S2,21.94,47.91
2025-10-31 01:35:00,S2,21.79,49.71
2025-10-31 01:40:00,S2,22.22,44.37
2025-10-31 01:45:00,S2,22.45,45.77
2025-10-31 01:50:00,S2,22.23,47.68
2025-10-31 01:55:00,S2,22.92,46.13
2025-10-31 02:00:00,S2,22.41,46.68
2025-10-31 02:05:00,S2,22.49,45.12
2025-10-31 02:10:00,S2,23.19,46.14
2025-10-31 02:15:00,S2,22.65,46.56
2025-10-31 02:20:00,S2,22.81,48.57
2025-10-31 02:25:00,S2,22.72,44.9
2025-10-31 02:30:00,S2,22.88,46.1
2025-10-31 02:35:00,S2,22.68,48.24
2025-10-31 02:40:00,S2,23.17,46.82
2025-10-31 02:45:00,S2,22.24,48.07
2025-10-31 02:50:00,S2,23.44,50.04
2025-10-31 02:55:00,S2,22.8,48.27
2025-10-31 03:00:00,S2,22.69,50.07
2025-10-31 03:05:00,S2,22.09,46.91
2025-10-31 03:10:00,S2,22.86,48.1
2025-10-31 03:15:00,S2,22.86,46.73
2025-10-31 03:20:00,S2,22.92,48.34
2025-10-31 03:25:00,S2,22.11,48.37
2025-10-31 03:30:00,S2,23.17,45.41
2025-10-31 03:35:00,S2,22.72,48.55
2025-10-31 03:40:00,S2,21.3,48.09
2025-10-31 03:45:00,S2,22.05,46.54
2025-10-31 03:50:00,S2,22.34,45.56
2025-10-31 03:55:00,S2,22.14,44.43
2025-10-31 04:00:00,S2,23.86,48.4
2025-10-31 04:05:00,S2,23.09,48.11
2025-10-31 04:10:00,S2,23.3,46.84
2025-10-31 04:15:00,S2,22.54,45.22
2025-10-31 04:20:00,S2,22.72,47.73
2025-10-31 04:25:00,S2,22.64,46.4
2025-10-31 04:30:00,S2,22.94,47.87
2025-10-31 04:35:00,S2,21.74,48.38
2025-10-31 04:40:00,S2,22.17,46.5
2025-10-31 04:45:00,S2,23.28,49.46
2025-10-30 08:00:00,S3,22.37,47.29
2025-10-30 08:05:00,S3,22.59,49.39
2025-10-30 08:10:00,S3,22.17,49.19
2025-10-30 08:15:00,S3,22.81,47.96
2025-10-30 08:20:00,S3,23.18,45.39
2025-10-30 08:25:00,S3,22.91,49.06
2025-10-30 08:30:00,S3,22.06,46.19
2025-10-30 08:35:00,S3,22.92,45.48
2025-10-30 08:40:00,S3,23.08,46.2
2025-10-30 08:45:00,S3,23.13,49.81
2025-10-30 08:50:00,S3,21.72,48.19
2025-10-30 08:55:00,S3,23.39,47.99
2025-10-30 09:00:00,S3,23.3,50.24
2025-10-30 09:05:00,S3,23.71,50.98
2025-10-30 09:10:00,S3,23.24,44.61
2025-10-30 09:15:00,S3,22.59,46.85
2025-10-30 09:20:00,S3,23.03,47.21
2025-10-30 09:25:00,S3,23.3,45.18
2025-10-30 09:30:00,S3,23.16,48.77
2025-10-30 09:35:00,S3,22.38,47.76
2025-10-30 09:40:00,S3,22.37,47.48
2025-10-30 09:45:00,S3,23.47,46.66
2025-10-30 09:50:00,S3,22.69,45.98
2025-10-30 09:55:00,S3,22.07,45.6
2025-10-30 10:00:00,S3,22.99,48.79
2025-10-30 10:05:00,S3,22.23,46.98
2025-10-30 10:10:00,S3,23.48,47.22
2025-10-30 10:15:00,S3,22.77,48.44
2025-10-30 10:20:00,S3,23.37,47.57
2025-10-30 10:25:00,S3,22.81,47.68
2025-10-30 10:30:00,S3,22.55,46.67
2025-10-30 10:35:00,S3,22.75,47.31
2025-10-30 10:40:00,S3,22.68,49.43
2025-10-30 10:45:00,S3,23.19,47.36
2025-10-30 10:50:00,S3,22.59,48.9
2025-10-30 10:55:00,S3,23.05,49.04
2025-10-30 11:00:00,S3,22.46,45.19
2025-10-30 11:05:00,S3,23.23,49.76
2025-10-30 11:10:00,S3,23.25,50.29
2025-10-30 11:15:00,S3,22.35,47.54
2025-10-30 11:20:00,S3,23.12,49.95
2025-10-30 11:25:00,S3,23.12,48.91
2025-10-30 11:30:00,S3,22.95,47.49
2025-10-30 11:35:00,S3,22.73,48.07
2025-10-30 11:40:00,S3,22.75,49.35
2025-10-30 11:45:00,S3,22.35,48.82
2025-10-30 11:50:00,S3,23.11,47.45
2025-10-30 11:55:00,S3,23.52,48.56
2025-10-30 12:00:00,S3,23.35,48.63
2025-10-30 12:05:00,S3,23.23,48.07
2025-10-30 12:10:00,S3,23.22,49.06
2025-10-30 12:15:00,S3,23.84,48.76
2025-10-30 12:20:00,S3,23.12,47.38
2025-10-30 12:25:00,S3,22.81,46.9
2025-10-30 12:30:00,S3,22.62,48.03
2025-10-30 12:35:00,S3,24.17,47.99
2025-10-30 12:40:00,S3,22.57,47.8
2025-10-30 12:45:00,S3,22.9,47.63
2025-10-30 12:50:00,S3,22.19,46.27
2025-10-30 12:55:00,S3,22.25,50.14
2025-10-30 13:00:00,S3,22.02,46.08
2025-10-30 13:05:00,S3,23.41,47.64
2025-10-30 13:10:00,S3,22.34,48.81
2025-10-30 13:15:00,S3,22.08,49.04
2025-10-30 13:20:00,S3,22.54,49.94
2025-10-30 13:25:00,S3,23.12,49.5
2025-10-30 13:30:00,S3,23.24,45.65
2025-10-30 13:35:00,S3,23.04,48.67
2025-10-30 13:40:00,S3,22.8,47.02
2025-10-30 13:45:00,S3,22.83,47.73
2025-10-30 13:50:00,S3,22.7,47.86
2025-10-30 13:55:00,S3,23.48,44.92
2025-10-30 14:00:00,S3,23.25,48.07
2025-10-30 14:05:00,S3,23.35,47.74
2025-10-30 14:10:00,S3,22.07,49.88
2025-10-30 14:15:00,S3,23.13,48.43
2025-10-30 14:20:00,S3,23.5,46.46
2025-10-30 14:25:00,S3,24.41,49.19
2025-10-30 14:30:00,S3,22.79,51.9
2025-10-30 14:35:00,S3,23.79,49.74
2025-10-30 14:40:00,S3,23.11,49.32
2025-10-30 14:45:00,S3,22.44,45.81
2025-10-30 14:50:00,S3,22.54,45.53
2025-10-30 14:55:00,S3,23.45,48.74
2025-10-30 15:00:00,S3,24.12,48.29
2025-10-30 15:05:00,S3,23.04,46.55
2025-10-30 15:10:00,S3,22.52,48.48
2025-10-30 15:15:00,S3,22.32,45.0
2025-10-30 15:20:00,S3,22.6,48.47
2025-10-30 15:25:00,S3,23.21,49.42
2025-10-30 15:30:00,S3,23.61,49.87
2025-10-30 15:35:00,S3,22.68,49.73
2025-10-30 15:40:00,S3,23.95,50.0
2025-10-30 15:45:00,S3,23.23,49.33
2025-10-30 15:50:00,S3,22.46,47.2
2025-10-30 15:55:00,S3,23.32,48.97
2025-10-30 16:00:00,S3,22.42,47.52
2025-10-30 16:05:00,S3,21.74,49.81
2025-10-30 16:10:00,S3,24.39,49.33
2025-10-30 16:15:00,S3,23.05,49.95
2025-10-30 16:20:00,S3,22.74,47.86
2025-10-30 16:25:00,S3,22.87,44.62
2025-10-30 16:30:00,S3,23.12,52.36
2025-10-30 16:35:00,S3,23.98,48.71
2025-10-30 16:40:00,S3,21.79,47.33
2025-10-30 16:45:00,S3,23.09,47.74
2025-10-30 16:50:00,S3,22.93,47.4
2025-10-30 16:55:00,S3,23.77,49.68
2025-10-30 17:00:00,S3,22.78,50.12
2025-10-30 17:05:00,S3,23.25,47.91
2025-10-30 17:10:00,S3,23.48,49.41
2025-10-30 17:15:00,S3,23.18,48.04
2025-10-30 17:20:00,S3,22.59,45.63
2025-10-30 17:25:00,S3,23.62,46.6
2025-10-30 17:30:00,S3,22.22,46.34
2025-10-30 17:35:00,S3,22.76,47.79
2025-10-30 17:40:00,S3,22.42,47.18
2025-10-30 17:45:00,S3,22.98,49.33
2025-10-30 17:50:00,S3,22.74,48.38
2025-10-30 17:55:00,S3,23.69,48.48
2025-10-30 18:00:00,S3,23.29,47.3
2025-10-30 18:05:00,S3,23.25,50.46
2025-10-30 18:10:00,S3,22.77,47.75
2025-10-30 18:15:00,S3,22.96,48.56
2025-10-30 18:20:00,S3,23.15,49.8
2025-10-30 18:25:00,S3,22.66,49.39
2025-10-30 18:30:00,S3,22.72,47.67
2025-10-30 18:35:00,S3,22.68,48.49
2025-10-30 18:40:00,S3,22.61,47.97
2025-10-30 18:45:00,S3,22.29,48.39
2025-10-30 18:50:00,S3,22.44,49.77
2025-10-30 18:55:00,S3,22.56,47.01
2025-10-30 19:00:00,S3,22.54,46.56
2025-10-30 19:05:00,S3,23.26,47.47
2025-10-30 19:10:00,S3,23.04,47.6
2025-10-30 19:15:00,S3,22.86,50.13
2025-10-30 19:20:00,S3,22.96,50.18
2025-10-30 19:25:00,S3,21.82,47.37
2025-10-30 19:30:00,S3,23.03,46.62
2025-10-30 19:35:00,S3,22.97,47.97
2025-10-30 19:40:00,S3,23.23,48.45
2025-10-30 19:45:00,S3,22.81,45.55
2025-10-30 19:50:00,S3,23.55,45.8
2025-10-30 19:55:00,S3,23.46,50.46
2025-10-30 20:00:00,S3,22.36,46.22
2025-10-30 20:05:00,S3,23.2,44.05
2025-10-30 20:10:00,S3,22.81,48.4
2025-10-30 20:15:00,S3,23.3,47.63
2025-10-30 20:20:00,S3,23.38,48.14
2025-10-30 20:25:00,S3,23.36,48.72
2025-10-30 20:30:00,S3,23.14,46.18
2025-10-30 20:35:00,S3,23.23,48.45
2025-10-30 20:40:00,S3,22.83,47.64
2025-10-30 20:45:00,S3,22.54,50.05
2025-10-30 20:50:00,S3,22.85,48.56
2025-10-30 20:55:00,S3,22.19,45.12
2025-10-30 21:00:00,S3,22.59,49.06
2025-10-30 21:05:00,S3,23.99,50.17
2025-10-30 21:10:00,S3,22.7,48.0
2025-10-30 21:15:00,S3,23.1,48.25
2025-10-30 21:20:00,S3,22.98,49.73
2025-10-30 21:25:00,S3,22.99,48.85
2025-10-30 21:30:00,S3,22.27,47.42
2025-10-30 21:35:00,S3,23.3,44.42
2025-10-30 21:40:00,S3,22.77,49.73
2025-10-30 21:45:00,S3,23.03,49.75
2025-10-30 21:50:00,S3,23.48,47.65
2025-10-30 21:55:00,S3,23.34,46.92
2025-10-30 22:00:00,S3,22.9,48.08
2025-10-30 22:05:00,S3,23.51,49.17
2025-10-30 22:10:00,S3,22.21,47.3
2025-10-30 22:15:00,S3,22.75,49.59
2025-10-30 22:20:00,S3,22.79,48.21
2025-10-30 22:25:00,S3,22.05,50.53
2025-10-30 22:30:00,S3,22.71,48.88
2025-10-30 22:35:00,S3,23.19,49.45
2025-10-30 22:40:00,S3,22.68,51.48
2025-10-30 22:45:00,S3,23.87,47.32
2025-10-30 22:50:00,S3,23.15,49.19
2025-10-30 22:55:00,S3,23.36,48.44
2025-10-30 23:00:00,S3,22.44,48.35
2025-10-30 23:05:00,S3,22.11,49.77
2025-10-30 23:10:00,S3,22.46,50.51
2025-10-30 23:15:00,S3,23.24,47.99
2025-10-30 23:20:00,S3,22.45,49.04
2025-10-30 23:25:00,S3,22.23,49.08
2025-10-30 23:30:00,S3,23.02,47.75
2025-10-30 23:35:00,S3,23.58,46.52
2025-10-30 23:40:00,S3,22.87,46.65
2025-10-30 23:45:00,S3,22.84,47.1
2025-10-30 23:50:00,S3,22.99,46.95
2025-10-30 23:55:00,S3,22.56,48.52
2025-10-31 00:00:00,S3,22.39,48.07
2025-10-31 00:05:00,S3,22.87,49.5
2025-10-31 00:10:00,S3,23.38,48.53
2025-10-31 00:15:00,S3,21.39,48.94
2025-10-31 00:20:00,S3,23.62,49.66
2025-10-31 00:25:00,S3,23.78,49.62
2025-10-31 00:30:00,S3,23.76,48.7
2025-10-31 00:35:00,S3,23.62,47.7
2025-10-31 00:40:00,S3,22.15,47.36
2025-10-31 00:45:00,S3,22.39,47.64
2025-10-31 00:50:00,S3,23.43,47.37
2025-10-31 00:55:00,S3,23.17,48.81
2025-10-31 01:00:00,S3,22.67,47.26
2025-10-31 01:05:00,S3,24.02,47.04
2025-10-31 01:10:00,S3,22.2,47.67
2025-10-31 01:15:00,S3,22.96,45.96
2025-10-31 01:20:00,S3,22.35,49.35
2025-10-31 01:25:00,S3,22.01,46.79
2025-10-31 01:30:00,S3,23.23,48.45
2025-10-31 01:35:00,S3,22.87,50.6
2025-10-31 01:40:00,S3,22.57,47.9
2025-10-31 01:45:00,S3,22.47,48.65
2025-10-31 01:50:00,S3,23.1,45.64
2025-10-31 01:55:00,S3,22.54,50.05
2025-10-31 02:00:00,S3,23.24,46.76
2025-10-31 02:05:00,S3,21.68,49.64
2025-10-31 02:10:00,S3,22.7,45.05
2025-10-31 02:15:00,S3,22.45,46.68
2025-10-31 02:20:00,S3,23.17,48.58
2025-10-31 02:25:00,S3,22.39,46.57
2025-10-31 02:30:00,S3,22.54,45.85
2025-10-31 02:35:00,S3,22.12,49.86
2025-10-31 02:40:00,S3,22.94,48.9
2025-10-31 02:45:00,S3,22.77,49.86
2025-10-31 02:50:00,S3,22.16,48.36
2025-10-31 02:55:00,S3,22.78,46.06
2025-10-31 03:00:00,S3,21.9,48.35
2025-10-31 03:05:00,S3,23.21,47.31
2025-10-31 03:10:00,S3,23.07,47.91
2025-10-31 03:15:00,S3,22.74,49.53
2025-10-31 03:20:00,S3,22.6,50.89
2025-10-31 03:25:00,S3,23.21,47.68
2025-10-31 03:30:00,S3,22.54,48.47
2025-10-31 03:35:00,S3,22.98,47.81
2025-10-31 03:40:00,S3,23.36,47.45
2025-10-31 03:45:00,S3,23.34,45.75
2025-10-31 03:50:00,S3,22.35,48.82
2025-10-31 03:55:00,S3,22.65,50.22
2025-10-31 04:00:00,S3,22.4,46.08
2025-10-31 04:05:00,S3,23.4,47.87
2025-10-31 04:10:00,S3,22.2,47.78
2025-10-31 04:15:00,S3,22.6,49.57
2025-10-31 04:20:00,S3,23.6,48.34
2025-10-31 04:25:00,S3,22.57,49.0
2025-10-31 04:30:00,S3,23.47,45.79
2025-10-31 04:35:00,S3,22.82,48.21
2025-10-31 04:40:00,S3,22.62,48.15
2025-10-31 04:45:00,S3,23.51,47.93
2025-10-30 08:00:00,S4,22.54,50.28
2025-10-30 08:05:00,S4,23.26,46.73
2025-10-30 08:10:00,S4,22.93,48.71
2025-10-30 08:15:00,S4,23.73,48.44
2025-10-30 08:20:00,S4,22.67,51.01
2025-10-30 08:25:00,S4,22.78,48.34
2025-10-30 08:30:00,S4,22.8,48.14
2025-10-30 08:35:00,S4,22.59,51.92
2025-10-30 08:40:00,S4,22.56,48.75
2025-10-30 08:45:00,S4,23.63,48.34
2025-10-30 08:50:00,S4,22.63,47.67
2025-10-30 08:55:00,S4,22.58,47.77
2025-10-30 09:00:00,S4,23.26,47.8
2025-10-30 09:05:00,S4,23.42,50.05
2025-10-30 09:10:00,S4,23.45,44.7
2025-10-30 09:15:00,S4,23.74,49.78
2025-10-30 09:20:00,S4,23.47,48.07
2025-10-30 09:25:00,S4,22.61,47.14
2025-10-30 09:30:00,S4,23.05,48.2
2025-10-30 09:35:00,S4,22.83,51.36
2025-10-30 09:40:00,S4,23.92,48.69
2025-10-30 09:45:00,S4,23.16,51.7
2025-10-30 09:50:00,S4,22.73,48.49
2025-10-30 09:55:00,S4,23.41,51.42
2025-10-30 10:00:00,S4,23.69,50.16
2025-10-30 10:05:00,S4,23.27,49.41
2025-10-30 10:10:00,S4,22.99,47.88
2025-10-30 10:15:00,S4,23.67,48.15
2025-10-30 10:20:00,S4,23.23,47.63
2025-10-30 10:25:00,S4,23.12,47.81
2025-10-30 10:30:00,S4,23.6,51.38
2025-10-30 10:35:00,S4,22.25,49.79
2025-10-30 10:40:00,S4,22.51,49.51
2025-10-30 10:45:00,S4,23.04,51.25
2025-10-30 10:50:00,S4,23.33,48.7
2025-10-30 10:55:00,S4,23.08,50.19
2025-10-30 11:00:00,S4,22.92,48.29
2025-10-30 11:05:00,S4,23.64,49.67
2025-10-30 11:10:00,S4,23.29,50.44
2025-10-30 11:15:00,S4,23.48,45.58
2025-10-30 11:20:00,S4,23.26,46.32
2025-10-30 11:25:00,S4,23.4,49.06
2025-10-30 11:30:00,S4,23.03,48.72
2025-10-30 11:35:00,S4,23.24,49.17
2025-10-30 11:40:00,S4,23.47,48.58
2025-10-30 11:45:00,S4,22.78,48.99
2025-10-30 11:50:00,S4,23.34,48.53
2025-10-30 11:55:00,S4,23.55,48.24
2025-10-30 12:00:00,S4,23.61,51.13
2025-10-30 12:05:00,S4,23.33,48.09
2025-10-30 12:10:00,S4,22.92,48.73
2025-10-30 12:15:00,S4,23.47,48.71
2025-10-30 12:20:00,S4,23.62,47.55
2025-10-30 12:25:00,S4,23.52,47.82
2025-10-30 12:30:00,S4,22.98,47.64
2025-10-30 12:35:00,S4,21.68,51.25
2025-10-30 12:40:00,S4,22.97,49.17
2025-10-30 12:45:00,S4,23.06,50.77
2025-10-30 12:50:00,S4,23.88,48.07
2025-10-30 12:55:00,S4,23.81,48.38
2025-10-30 13:00:00,S4,23.85,50.55
2025-10-30 13:05:00,S4,23.08,49.92
2025-10-30 13:10:00,S4,22.86,47.51
2025-10-30 13:15:00,S4,23.66,50.01
2025-10-30 13:20:00,S4,22.76,51.34
2025-10-30 13:25:00,S4,21.6,48.03
2025-10-30 13:30:00,S4,24.55,46.54
2025-10-30 13:35:00,S4,22.72,47.16
2025-10-30 13:40:00,S4,23.03,50.04
2025-10-30 13:45:00,S4,23.66,50.78
2025-10-30 13:50:00,S4,24.38,49.7
2025-10-30 13:55:00,S4,22.65,48.44
2025-10-30 14:00:00,S4,23.3,47.76
2025-10-30 14:05:00,S4,22.51,50.2
2025-10-30 14:10:00,S4,22.75,48.86
2025-10-30 14:15:00,S4,24.0,47.83
2025-10-30 14:20:00,S4,22.89,48.49
2025-10-30 14:25:00,S4,23.44,51.22
2025-10-30 14:30:00,S4,22.89,47.35
2025-10-30 14:35:00,S4,22.8,49.3
2025-10-30 14:40:00,S4,23.58,50.68
2025-10-30 14:45:00,S4,23.52,49.95
2025-10-30 14:50:00,S4,23.86,50.19
2025-10-30 14:55:00,S4,23.39,50.01
2025-10-30 15:00:00,S4,23.43,49.01
2025-10-30 15:05:00,S4,22.9,49.31
2025-10-30 15:10:00,S4,23.14,51.55
2025-10-30 15:15:00,S4,22.81,48.69
2025-10-30 15:20:00,S4,23.82,50.97
2025-10-30 15:25:00,S4,23.59,48.11
2025-10-30 15:30:00,S4,22.64,46.96
2025-10-30 15:35:00,S4,24.43,47.64
2025-10-30 15:40:00,S4,23.31,49.7
2025-10-30 15:45:00,S4,22.76,49.43
2025-10-30 15:50:00,S4,23.26,48.65
2025-10-30 15:55:00,S4,22.97,50.0
2025-10-30 16:00:00,S4,23.28,49.53
2025-10-30 16:05:00,S4,22.99,49.01
2025-10-30 16:10:00,S4,23.23,51.94
2025-10-30 16:15:00,S4,23.76,50.41
2025-10-30 16:20:00,S4,24.28,49.51
2025-10-30 16:25:00,S4,23.42,49.83
2025-10-30 16:30:00,S4,23.38,48.47
2025-10-30 16:35:00,S4,23.43,48.6
2025-10-30 16:40:00,S4,23.86,48.68
2025-10-30 16:45:00,S4,22.5,44.97
2025-10-30 16:50:00,S4,22.64,48.64
2025-10-30 16:55:00,S4,22.73,49.09
2025-10-30 17:00:00,S4,23.24,49.64
2025-10-30 17:05:00,S4,23.69,49.67
2025-10-30 17:10:00,S4,22.21,50.02
2025-10-30 17:15:00,S4,22.93,46.59
2025-10-30 17:20:00,S4,23.5,50.03
2025-10-30 17:25:00,S4,23.2,46.86
2025-10-30 17:30:00,S4,22.31,51.61
2025-10-30 17:35:00,S4,23.83,50.36
2025-10-30 17:40:00,S4,23.67,46.85
2025-10-30 17:45:00,S4,22.77,49.48
2025-10-30 17:50:00,S4,22.99,48.68
2025-10-30 17:55:00,S4,23.15,50.42
2025-10-30 18:00:00,S4,23.98,48.54
2025-10-30 18:05:00,S4,23.04,46.32
2025-10-30 18:10:00,S4,23.45,49.31
2025-10-30 18:15:00,S4,23.56,48.81
2025-10-30 18:20:00,S4,23.15,49.95
2025-10-30 18:25:00,S4,22.95,49.41
2025-10-30 18:30:00,S4,23.74,48.96
2025-10-30 18:35:00,S4,23.63,49.93
2025-10-30 18:40:00,S4,23.71,50.3
2025-10-30 18:45:00,S4,23.81,47.48
2025-10-30 18:50:00,S4,23.84,50.05
2025-10-30 18:55:00,S4,23.75,53.25
2025-10-30 19:00:00,S4,23.1,49.0
2025-10-30 19:05:00,S4,22.91,49.38
2025-10-30 19:10:00,S4,22.95,46.68
2025-10-30 19:15:00,S4,23.69,50.53
2025-10-30 19:20:00,S4,23.53,49.13
2025-10-30 19:25:00,S4,23.06,48.53
2025-10-30 19:30:00,S4,23.46,49.88
2025-10-30 19:35:00,S4,22.68,52.11
2025-10-30 19:40:00,S4,23.09,46.8
2025-10-30 19:45:00,S4,23.62,51.75
2025-10-30 19:50:00,S4,22.37,47.86
2025-10-30 19:55:00,S4,23.25,48.91
2025-10-30 20:00:00,S4,22.6,48.72
2025-10-30 20:05:00,S4,23.19,47.81
2025-10-30 20:10:00,S4,23.57,49.46
2025-10-30 20:15:00,S4,23.78,48.73
2025-10-30 20:20:00,S4,21.87,50.13
2025-10-30 20:25:00,S4,22.92,46.43
2025-10-30 20:30:00,S4,23.5,49.54
2025-10-30 20:35:00,S4,22.53,49.48
2025-10-30 20:40:00,S4,22.93,49.0
2025-10-30 20:45:00,S4,22.57,51.09
2025-10-30 20:50:00,S4,23.74,49.35
2025-10-30 20:55:00,S4,22.77,51.17
2025-10-30 21:00:00,S4,23.69,47.39
2025-10-30 21:05:00,S4,23.38,50.75
2025-10-30 21:10:00,S4,23.11,48.11
2025-10-30 21:15:00,S4,24.14,51.6
2025-10-30 21:20:00,S4,23.69,48.01
2025-10-30 21:25:00,S4,23.63,47.18
2025-10-30 21:30:00,S4,23.04,46.16
2025-10-30 21:35:00,S4,22.83,51.16
2025-10-30 21:40:00,S4,24.08,48.26
2025-10-30 21:45:00,S4,23.07,50.18
2025-10-30 21:50:00,S4,23.21,50.6
2025-10-30 21:55:00,S4,23.25,47.67
2025-10-30 22:00:00,S4,24.0,47.91
2025-10-30 22:05:00,S4,24.33,50.08
2025-10-30 22:10:00,S4,23.14,49.32
2025-10-30 22:15:00,S4,23.18,48.7
2025-10-30 22:20:00,S4,23.57,49.75
2025-10-30 22:25:00,S4,23.83,47.61
2025-10-30 22:30:00,S4,23.4,48.68
2025-10-30 22:35:00,S4,22.52,48.18
2025-10-30 22:40:00,S4,22.98,48.47
2025-10-30 22:45:00,S4,22.26,43.63
2025-10-30 22:50:00,S4,23.26,48.52
2025-10-30 22:55:00,S4,21.92,47.46
2025-10-30 23:00:00,S4,22.75,47.84
2025-10-30 23:05:00,S4,22.21,50.39
2025-10-30 23:10:00,S4,23.32,47.75
2025-10-30 23:15:00,S4,23.25,48.34
2025-10-30 23:20:00,S4,23.21,50.12
2025-10-30 23:25:00,S4,23.56,49.51
2025-10-30 23:30:00,S4,23.03,48.59
2025-10-30 23:35:00,S4,22.61,50.43
2025-10-30 23:40:00,S4,23.47,48.29
2025-10-30 23:45:00,S4,23.25,48.36
2025-10-30 23:50:00,S4,22.89,49.47
2025-10-30 23:55:00,S4,23.3,49.58
2025-10-31 00:00:00,S4,23.22,47.25
2025-10-31 00:05:00,S4,22.84,48.8
2025-10-31 00:10:00,S4,23.17,47.29
2025-10-31 00:15:00,S4,23.17,51.15
2025-10-31 00:20:00,S4,22.28,49.48
2025-10-31 00:25:00,S4,23.63,44.86
2025-10-31 00:30:00,S4,23.03,49.67
2025-10-31 00:35:00,S4,22.92,48.03
2025-10-31 00:40:00,S4,22.38,48.24
2025-10-31 00:45:00,S4,22.1,47.87
2025-10-31 00:50:00,S4,23.02,48.84
2025-10-31 00:55:00,S4,22.77,51.57
2025-10-31 01:00:00,S4,23.09,50.08
2025-10-31 01:05:00,S4,22.76,48.57
2025-10-31 01:10:00,S4,23.78,49.38
2025-10-31 01:15:00,S4,22.58,48.07
2025-10-31 01:20:00,S4,23.28,46.48
2025-10-31 01:25:00,S4,23.95,52.14
2025-10-31 01:30:00,S4,23.46,48.0
2025-10-31 01:35:00,S4,24.38,49.16
2025-10-31 01:40:00,S4,23.16,46.1
2025-10-31 01:45:00,S4,24.03,46.3
2025-10-31 01:50:00,S4,23.05,48.18
2025-10-31 01:55:00,S4,23.65,46.79
2025-10-31 02:00:00,S4,23.56,48.56
2025-10-31 02:05:00,S4,22.86,46.19
2025-10-31 02:10:00,S4,23.47,51.09
2025-10-31 02:15:00,S4,23.05,48.38
2025-10-31 02:20:00,S4,23.29,48.55
2025-10-31 02:25:00,S4,23.6,48.6
2025-10-31 02:30:00,S4,23.04,48.3
2025-10-31 02:35:00,S4,22.99,49.1
2025-10-31 02:40:00,S4,23.33,49.66
2025-10-31 02:45:00,S4,23.55,47.03
2025-10-31 02:50:00,S4,22.92,49.5
2025-10-31 02:55:00,S4,23.7,51.82
2025-10-31 03:00:00,S4,24.78,48.73
2025-10-31 03:05:00,S4,23.08,48.18
2025-10-31 03:10:00,S4,23.55,47.03
2025-10-31 03:15:00,S4,22.25,48.43
2025-10-31 03:20:00,S4,23.58,49.45
2025-10-31 03:25:00,S4,23.25,50.61
2025-10-31 03:30:00,S4,23.42,47.57
2025-10-31 03:35:00,S4,22.83,47.82
2025-10-31 03:40:00,S4,23.07,49.4
2025-10-31 03:45:00,S4,22.82,49.2
2025-10-31 03:50:00,S4,22.75,50.07
2025-10-31 03:55:00,S4,23.89,50.99
2025-10-31 04:00:00,S4,23.19,47.35
2025-10-31 04:05:00,S4,22.97,50.06
2025-10-31 04:10:00,S4,23.61,45.73
2025-10-31 04:15:00,S4,23.61,50.45
2025-10-31 04:20:00,S4,24.0,46.46
2025-10-31 04:25:00,S4,24.18,48.72
2025-10-31 04:30:00,S4,22.89,47.5
2025-10-31 04:35:00,S4,23.63,49.43
2025-10-31 04:40:00,S4,23.61,50.26
2025-10-31 04:45:00,S4,22.95,51.66
2025-10-30 08:00:00,S5,23.91,49.45
2025-10-30 08:05:00,S5,23.91,51.42
2025-10-30 08:10:00,S5,23.28,47.39
2025-10-30 08:15:00,S5,23.49,49.58
2025-10-30 08:20:00,S5,24.25,50.75
2025-10-30 08:25:00,S5,23.28,50.95
2025-10-30 08:30:00,S5,23.76,49.16
2025-10-30 08:35:00,S5,23.84,48.39
2025-10-30 08:40:00,S5,22.9,53.03
2025-10-30 08:45:00,S5,23.92,49.82
2025-10-30 08:50:00,S5,24.34,48.91
2025-10-30 08:55:00,S5,23.8,51.15
2025-10-30 09:00:00,S5,24.07,49.19
2025-10-30 09:05:00,S5,23.31,48.63
2025-10-30 09:10:00,S5,22.88,49.74
2025-10-30 09:15:00,S5,23.15,53.39
2025-10-30 09:20:00,S5,23.47,52.49
2025-10-30 09:25:00,S5,23.91,49.82
2025-10-30 09:30:00,S5,23.43,50.49
2025-10-30 09:35:00,S5,23.03,49.64
2025-10-30 09:40:00,S5,23.37,49.56
2025-10-30 09:45:00,S5,23.33,50.09
2025-10-30 09:50:00,S5,23.43,51.19
2025-10-30 09:55:00,S5,23.8,49.55
2025-10-30 10:00:00,S5,23.94,50.72
2025-10-30 10:05:00,S5,23.39,50.66
2025-10-30 10:10:00,S5,23.6,50.13
2025-10-30 10:15:00,S5,23.53,49.91
2025-10-30 10:20:00,S5,24.45,50.92
2025-10-30 10:25:00,S5,24.33,50.03
2025-10-30 10:30:00,S5,24.56,53.51
2025-10-30 10:35:00,S5,23.7,49.59
2025-10-30 10:40:00,S5,23.89,49.89
2025-10-30 10:45:00,S5,22.92,49.87
2025-10-30 10:50:00,S5,22.74,48.59
2025-10-30 10:55:00,S5,24.4,50.39
2025-10-30 11:00:00,S5,23.43,52.1
2025-10-30 11:05:00,S5,23.72,52.09
2025-10-30 11:10:00,S5,23.62,49.59
2025-10-30 11:15:00,S5,23.1,46.8
2025-10-30 11:20:00,S5,23.09,48.71
2025-10-30 11:25:00,S5,23.99,49.85
2025-10-30 11:30:00,S5,23.05,52.66
2025-10-30 11:35:00,S5,23.44,50.21
2025-10-30 11:40:00,S5,23.45,49.89
2025-10-30 11:45:00,S5,24.47,50.33
2025-10-30 11:50:00,S5,23.66,50.1
2025-10-30 11:55:00,S5,23.61,50.39
2025-10-30 12:00:00,S5,23.41,48.84
2025-10-30 12:05:00,S5,24.29,50.87
2025-10-30 12:10:00,S5,23.93,47.47
2025-10-30 12:15:00,S5,23.38,48.53
2025-10-30 12:20:00,S5,23.22,51.5
2025-10-30 12:25:00,S5,23.98,47.85
2025-10-30 12:30:00,S5,22.86,52.02
2025-10-30 12:35:00,S5,23.69,48.04
2025-10-30 12:40:00,S5,23.01,49.46
2025-10-30 12:45:00,S5,23.38,51.7
2025-10-30 12:50:00,S5,23.57,51.61
2025-10-30 12:55:00,S5,23.33,51.84
2025-10-30 13:00:00,S5,24.18,50.4
2025-10-30 13:05:00,S5,23.1,48.58
2025-10-30 13:10:00,S5,23.8,50.21
2025-10-30 13:15:00,S5,23.62,48.34
2025-10-30 13:20:00,S5,23.19,50.81
2025-10-30 13:25:00,S5,23.38,50.11
2025-10-30 13:30:00,S5,24.0,48.6
2025-10-30 13:35:00,S5,23.61,48.03
2025-10-30 13:40:00,S5,22.79,50.69
2025-10-30 13:45:00,S5,24.06,47.78
2025-10-30 13:50:00,S5,23.21,50.69
2025-10-30 13:55:00,S5,23.16,48.09
2025-10-30 14:00:00,S5,23.86,48.87
2025-10-30 14:05:00,S5,24.02,51.02
2025-10-30 14:10:00,S5,23.49,50.01
2025-10-30 14:15:00,S5,23.45,48.76
2025-10-30 14:20:00,S5,23.38,45.87
2025-10-30 14:25:00,S5,24.55,49.68
2025-10-30 14:30:00,S5,22.39,48.74
2025-10-30 14:35:00,S5,22.93,48.17
2025-10-30 14:40:00,S5,23.86,50.59
2025-10-30 14:45:00,S5,22.67,47.36
2025-10-30 14:50:00,S5,23.09,51.07
2025-10-30 14:55:00,S5,24.27,47.58
2025-10-30 15:00:00,S5,23.05,48.84
2025-10-30 15:05:00,S5,23.29,50.48
2025-10-30 15:10:00,S5,23.99,49.61
2025-10-30 15:15:00,S5,22.44,49.31
2025-10-30 15:20:00,S5,22.85,50.51
2025-10-30 15:25:00,S5,23.15,52.14
2025-10-30 15:30:00,S5,22.86,48.85
2025-10-30 15:35:00,S5,23.36,49.63
2025-10-30 15:40:00,S5,24.04,49.02
2025-10-30 15:45:00,S5,24.05,49.43
2025-10-30 15:50:00,S5,22.97,50.82
2025-10-30 15:55:00,S5,23.75,51.85
2025-10-30 16:00:00,S5,23.66,50.92
2025-10-30 16:05:00,S5,23.79,51.92
2025-10-30 16:10:00,S5,23.29,51.09
2025-10-30 16:15:00,S5,23.86,50.04
2025-10-30 16:20:00,S5,22.77,50.56
2025-10-30 16:25:00,S5,24.46,51.53
2025-10-30 16:30:00,S5,23.31,52.07
2025-10-30 16:35:00,S5,23.64,50.33
2025-10-30 16:40:00,S5,22.78,51.61
2025-10-30 16:45:00,S5,22.58,50.12
2025-10-30 16:50:00,S5,23.35,48.9
2025-10-30 16:55:00,S5,23.41,46.21
2025-10-30 17:00:00,S5,23.99,48.97
2025-10-30 17:05:00,S5,23.59,51.19
2025-10-30 17:10:00,S5,24.28,51.46
2025-10-30 17:15:00,S5,23.47,49.07
2025-10-30 17:20:00,S5,23.69,50.88
2025-10-30 17:25:00,S5,23.03,49.23
2025-10-30 17:30:00,S5,23.24,52.01
2025-10-30 17:35:00,S5,23.01,51.38
2025-10-30 17:40:00,S5,22.25,48.41
2025-10-30 17:45:00,S5,23.55,50.26
2025-10-30 17:50:00,S5,24.0,52.47
2025-10-30 17:55:00,S5,23.97,49.11
2025-10-30 18:00:00,S5,24.75,49.17
2025-10-30 18:05:00,S5,23.03,51.36
2025-10-30 18:10:00,S5,23.43,49.54
2025-10-30 18:15:00,S5,23.43,49.54
2025-10-30 18:20:00,S5,23.09,55.43
2025-10-30 18:25:00,S5,23.71,49.08
2025-10-30 18:30:00,S5,23.5,50.12
2025-10-30 18:35:00,S5,24.09,48.94
2025-10-30 18:40:00,S5,22.45,49.72
2025-10-30 18:45:00,S5,22.65,50.99
2025-10-30 18:50:00,S5,22.7,49.69
2025-10-30 18:55:00,S5,23.59,48.07
2025-10-30 19:00:00,S5,22.99,47.34
2025-10-30 19:05:00,S5,23.39,51.28
2025-10-30 19:10:00,S5,23.22,47.02
2025-10-30 19:15:00,S5,23.44,48.22
2025-10-30 19:20:00,S5,24.07,49.84
2025-10-30 19:25:00,S5,23.52,48.76
2025-10-30 19:30:00,S5,23.24,50.05
2025-10-30 19:35:00,S5,23.39,49.19
2025-10-30 19:40:00,S5,23.79,52.04
2025-10-30 19:45:00,S5,22.92,51.1
2025-10-30 19:50:00,S5,23.51,47.95
2025-10-30 19:55:00,S5,23.08,52.37
2025-10-30 20:00:00,S5,22.8,49.97
2025-10-30 20:05:00,S5,23.57,48.5
2025-10-30 20:10:00,S5,24.14,52.91
2025-10-30 20:15:00,S5,22.97,49.0
2025-10-30 20:20:00,S5,23.77,49.99
2025-10-30 20:25:00,S5,23.25,49.9
2025-10-30 20:30:00,S5,23.29,47.03
2025-10-30 20:35:00,S5,23.98,48.1
2025-10-30 20:40:00,S5,23.03,51.31
2025-10-30 20:45:00,S5,23.68,49.25
2025-10-30 20:50:00,S5,24.48,51.31
2025-10-30 20:55:00,S5,22.76,50.15
2025-10-30 21:00:00,S5,23.51,48.5
2025-10-30 21:05:00,S5,22.95,49.85
2025-10-30 21:10:00,S5,23.42,48.89
2025-10-30 21:15:00,S5,22.89,47.56
2025-10-30 21:20:00,S5,23.54,47.12
2025-10-30 21:25:00,S5,23.3,51.73
2025-10-30 21:30:00,S5,23.73,51.14
2025-10-30 21:35:00,S5,23.06,49.72
2025-10-30 21:40:00,S5,23.46,50.85
2025-10-30 21:45:00,S5,23.28,52.03
2025-10-30 21:50:00,S5,23.11,52.18
2025-10-30 21:55:00,S5,23.89,50.1
2025-10-30 22:00:00,S5,23.97,48.52
2025-10-30 22:05:00,S5,23.34,49.89
2025-10-30 22:10:00,S5,22.96,49.81
2025-10-30 22:15:00,S5,23.34,53.67
2025-10-30 22:20:00,S5,23.02,49.17
2025-10-30 22:25:00,S5,23.83,48.65
2025-10-30 22:30:00,S5,22.75,49.22
2025-10-30 22:35:00,S5,24.03,50.12
2025-10-30 22:40:00,S5,23.81,48.04
2025-10-30 22:45:00,S5,23.8,52.18
2025-10-30 22:50:00,S5,23.13,49.36
2025-10-30 22:55:00,S5,23.96,50.83
2025-10-30 23:00:00,S5,23.0,49.79
2025-10-30 23:05:00,S5,23.91,49.64
2025-10-30 23:10:00,S5,23.24,46.54
2025-10-30 23:15:00,S5,23.73,46.81
2025-10-30 23:20:00,S5,23.79,48.19
2025-10-30 23:25:00,S5,23.18,49.96
2025-10-30 23:30:00,S5,23.4,52.79
2025-10-30 23:35:00,S5,24.12,48.76
2025-10-30 23:40:00,S5,22.99,52.2
2025-10-30 23:45:00,S5,23.2,50.95
2025-10-30 23:50:00,S5,22.68,50.01
2025-10-30 23:55:00,S5,22.93,49.78
2025-10-31 00:00:00,S5,22.69,50.23
2025-10-31 00:05:00,S5,22.32,50.08
2025-10-31 00:10:00,S5,23.5,49.13
2025-10-31 00:15:00,S5,24.01,51.23
2025-10-31 00:20:00,S5,23.43,50.42
2025-10-31 00:25:00,S5,23.0,51.42
2025-10-31 00:30:00,S5,23.97,51.84
2025-10-31 00:35:00,S5,22.93,49.49
2025-10-31 00:40:00,S5,23.3,52.04
2025-10-31 00:45:00,S5,23.36,48.83
2025-10-31 00:50:00,S5,22.59,49.56
2025-10-31 00:55:00,S5,23.57,50.82
2025-10-31 01:00:00,S5,23.31,49.11
2025-10-31 01:05:00,S5,23.23,49.41
2025-10-31 01:10:00,S5,23.39,49.88
2025-10-31 01:15:00,S5,23.33,50.46
2025-10-31 01:20:00,S5,23.03,50.95
2025-10-31 01:25:00,S5,23.39,49.57
2025-10-31 01:30:00,S5,23.06,51.35
2025-10-31 01:35:00,S5,22.81,50.97
2025-10-31 01:40:00,S5,23.99,51.41
2025-10-31 01:45:00,S5,23.53,51.45
2025-10-31 01:50:00,S5,23.99,50.65
2025-10-31 01:55:00,S5,22.65,51.05
2025-10-31 02:00:00,S5,23.95,47.61
2025-10-31 02:05:00,S5,23.1,51.89
2025-10-31 02:10:00,S5,23.67,50.84
2025-10-31 02:15:00,S5,23.11,52.87
2025-10-31 02:20:00,S5,22.56,47.48
2025-10-31 02:25:00,S5,23.6,48.22
2025-10-31 02:30:00,S5,23.63,48.2
2025-10-31 02:35:00,S5,23.44,52.32
2025-10-31 02:40:00,S5,23.67,50.59
2025-10-31 02:45:00,S5,23.17,51.16
2025-10-31 02:50:00,S5,23.53,49.84
2025-10-31 02:55:00,S5,23.08,50.31
2025-10-31 03:00:00,S5,24.02,47.13
2025-10-31 03:05:00,S5,22.92,47.38
2025-10-31 03:10:00,S5,23.33,46.22
2025-10-31 03:15:00,S5,23.46,49.29
2025-10-31 03:20:00,S5,23.24,51.39
2025-10-31 03:25:00,S5,23.8,51.75
2025-10-31 03:30:00,S5,23.17,51.05
2025-10-31 03:35:00,S5,22.75,50.25
2025-10-31 03:40:00,S5,23.19,47.84
2025-10-31 03:45:00,S5,23.21,50.13
2025-10-31 03:50:00,S5,24.37,49.75
2025-10-31 03:55:00,S5,22.43,50.45
2025-10-31 04:00:00,S5,23.3,50.45
2025-10-31 04:05:00,S5,23.68,50.98
2025-10-31 04:10:00,S5,22.98,49.89
2025-10-31 04:15:00,S5,23.23,48.69
2025-10-31 04:20:00,S5,23.28,49.64
2025-10-31 04:25:00,S5,23.77,48.94
2025-10-31 04:30:00,S5,23.65,49.85
2025-10-31 04:35:00,S5,23.22,48.78
2025-10-31 04:40:00,S5,23.4,50.39
2025-10-31 04:45:00,S5,23.91,47.91
